country,number
Angola,1
Anonymous Proxy,13
Malaysia,8
Portugal,20
Iceland,1
Bahamas,4
Greece,2
Cayman Islands,1
Austria,62
Latvia,2
Morocco,1
Luxembourg,17
Panama,4
Brazil,43
Korea, Republic of,11
Virgin Islands, British,30
Slovenia,7
Jersey,2
Chile,8
Iran, Islamic Republic of,8
Argentina,32
Hungary,20
Japan,89
Europe,199
Ukraine,10
Seychelles,8
Belarus,1
Mauritius,1
India,30
New Zealand,16
Canada,523
Turkey,54
Belgium,44
Moldova, Republic of,1
Taiwan,19
Finland,5
Italy,113
South Africa,37
Trinidad and Tobago,2
Palestinian Territory,1
Macedonia,1
Georgia,5
Germany,707
Russian Federation,41
Singapore,19
Hong Kong,33
United States,24460
Egypt,1
Thailand,57
Costa Rica,226
Saudi Arabia,1
Sweden,62
Netherlands,359
Vietnam,26
China,18
Ireland,126
Qatar,1
Poland,68
Slovakia,11
France,347
Bulgaria,7
Serbia,7
Lithuania,2
Bosnia and Herzegovina,3
Croatia,3
Reunion,1
Romania,20
Uruguay,1
Sri Lanka,1
Philippines,5
Holy See (Vatican City State),3
United Kingdom,1248
United Arab Emirates,1
Switzerland,95
Spain,142
Venezuela,1
Czech Republic,38
Norway,52
Botswana,3
Denmark,43
Mexico,7
Israel,11
Australia,101
Indonesia,22
Estonia,11
