repo_name,time,id
grit,2007-10-29T14:37:16Z,2774
grit,2008-04-18T23:14:24Z,11018
grit,2008-05-06T21:42:41Z,15046
grit,2008-05-16T04:51:20Z,17266
grit,2008-05-20T18:55:20Z,18375
grit,2008-05-23T15:57:59Z,19162
grit,2008-06-07T23:38:49Z,23303
grit,2008-06-14T16:15:01Z,25293
grit,2008-07-06T21:05:29Z,31695
grit,2008-07-26T05:43:32Z,37371
grit,2008-07-30T03:21:48Z,38441
grit,2008-07-30T20:22:52Z,38660
grit,2008-08-02T05:28:40Z,39382
grit,2008-08-20T23:18:17Z,44449
grit,2008-08-26T10:47:42Z,46158
grit,2008-10-19T16:02:41Z,65048
grit,2008-11-06T01:09:05Z,72173
grit,2008-11-12T10:02:59Z,74812
grit,2008-12-01T22:46:37Z,83344
grit,2008-12-10T13:35:18Z,88158
grit,2009-01-16T22:00:31Z,109007
grit,2009-01-31T00:27:26Z,118416
grit,2009-02-05T23:58:27Z,122746
grit,2009-02-17T10:37:30Z,130732
grit,2009-03-17T20:34:20Z,153043
grit,2009-04-18T18:58:05Z,179502
grit,2009-04-25T04:11:07Z,185097
grit,2009-04-26T18:43:03Z,186166
grit,2009-04-30T11:37:29Z,189285
grit,2009-04-30T18:04:57Z,189559
grit,2009-05-31T17:53:05Z,214913
grit,2009-06-01T23:38:15Z,216005
grit,2009-06-02T23:48:59Z,216967
grit,2009-06-05T06:25:07Z,219151
grit,2009-06-16T12:24:53Z,228557
grit,2009-06-22T08:46:49Z,233206
grit,2009-07-09T21:38:21Z,247506
grit,2009-08-13T06:40:22Z,276740
grit,2009-08-20T17:43:27Z,283260
grit,2009-08-24T09:04:21Z,286354
grit,2009-09-11T09:32:04Z,303933
grit,2009-09-23T11:12:23Z,315266
grit,2009-10-02T08:03:10Z,324327
grit,2009-10-10T10:14:42Z,333038
grit,2009-10-15T01:24:42Z,337858
grit,2009-10-28T06:20:53Z,352363
grit,2009-11-24T15:08:54Z,383942
grit,2009-12-04T23:11:53Z,397141
grit,2009-12-05T04:50:55Z,398643
grit,2009-12-07T06:54:46Z,403132
grit,2010-02-11T18:19:54Z,513597
grit,2010-02-14T16:03:53Z,517685
grit,2010-04-17T03:04:15Z,614545
grit,2010-06-17T12:00:10Z,725801
grit,2010-07-04T13:28:53Z,756289
grit,2010-07-13T11:34:14Z,772272
grit,2010-07-28T05:03:08Z,802190
grit,2010-07-28T09:33:41Z,802551
grit,2010-08-01T02:57:13Z,810078
grit,2010-08-17T01:43:40Z,842586
grit,2010-08-23T13:48:59Z,856670
grit,2010-08-25T05:36:45Z,860849
grit,2010-09-06T05:37:12Z,890642
grit,2010-09-24T20:45:28Z,937090
grit,2010-10-11T02:31:04Z,977571
grit,2010-10-12T04:28:10Z,980376
grit,2010-11-01T14:31:06Z,1041923
grit,2010-11-02T21:04:27Z,1045993
grit,2010-11-06T05:58:40Z,1056223
grit,2010-11-08T15:24:57Z,1062064
grit,2010-11-15T03:59:29Z,1080860
grit,2010-11-24T18:26:52Z,1109936
grit,2010-11-28T17:46:47Z,1119725
grit,2010-12-18T16:03:55Z,1179956
grit,2010-12-31T06:05:17Z,1210354
grit,2011-01-01T14:35:14Z,1212405
grit,2011-02-16T12:58:38Z,1373750
grit,2011-03-22T20:40:46Z,1513187
grit,2011-03-23T22:46:18Z,1518609
grit,2011-04-03T21:28:12Z,1564443
grit,2011-04-05T21:32:09Z,1574214
grit,2011-04-06T14:11:35Z,1577430
grit,2011-04-17T14:19:22Z,1626484
grit,2011-04-28T17:23:55Z,1676825
grit,2011-05-31T13:52:21Z,1826472
grit,2011-06-05T20:45:26Z,1851770
grit,2011-06-10T06:36:35Z,1874659
grit,2011-06-11T01:29:26Z,1878759
grit,2011-06-16T03:51:36Z,1903868
grit,2011-06-20T19:49:01Z,1925453
grit,2011-06-21T14:19:29Z,1929507
grit,2011-06-24T18:50:29Z,1949169
grit,2011-06-26T04:19:24Z,1954599
grit,2011-07-01T16:59:13Z,1984365
grit,2011-07-07T01:40:18Z,2009942
grit,2011-07-12T06:10:58Z,2034469
grit,2011-07-12T23:29:16Z,2039080
grit,2011-07-13T00:00:40Z,2039196
grit,2011-07-20T06:27:13Z,2076496
grit,2011-08-03T05:08:04Z,2146840
grit,2011-08-05T01:00:11Z,2157979
grit,2011-08-14T00:15:15Z,2203656
grit,2011-08-14T09:09:46Z,2204799
grit,2011-08-16T09:44:15Z,2214949
grit,2011-08-18T16:43:26Z,2228986
grit,2011-08-19T15:08:20Z,2234591
grit,2011-08-22T09:53:15Z,2247724
grit,2011-08-31T14:41:53Z,2302036
grit,2011-09-01T18:42:11Z,2309568
grit,2011-09-06T12:44:42Z,2334314
grit,2011-09-07T07:08:46Z,2339998
grit,2011-09-08T14:24:55Z,2348787
grit,2011-09-15T15:44:13Z,2393413
grit,2011-09-23T20:48:11Z,2446667
grit,2011-09-29T01:16:56Z,2479157
grit,2011-10-02T07:50:07Z,2498495
grit,2011-10-02T17:47:15Z,2500362
grit,2011-10-06T09:33:31Z,2525036
grit,2011-10-10T21:13:01Z,2551096
grit,2011-10-11T00:21:57Z,2552027
grit,2011-10-14T11:55:05Z,2575818
grit,2011-10-17T14:03:17Z,2592135
grit,2011-10-26T07:48:23Z,2649430
grit,2011-11-10T12:50:36Z,2748454
grit,2011-11-13T04:46:29Z,2765105
grit,2011-11-22T15:57:11Z,2828863
grit,2011-11-23T00:00:27Z,2832007
grit,2011-11-23T17:53:58Z,2837709
grit,2011-11-24T09:57:03Z,2842382
grit,2011-11-29T04:51:51Z,2872650
grit,2011-11-30T19:58:45Z,2885975
grit,2011-12-03T12:53:12Z,2904823
grit,2011-12-11T14:58:04Z,2958525
grit,2011-12-15T13:04:06Z,2987573
grit,2012-01-05T01:44:30Z,3107013
grit,2012-01-11T16:59:22Z,3155515
grit,2012-01-24T03:00:15Z,3252794
grit,2012-02-01T13:53:39Z,3325204
grit,2012-02-13T05:55:10Z,3427580
grit,2012-02-15T01:04:25Z,3445572
grit,2012-02-16T21:52:27Z,3464404
grit,2012-02-23T11:39:52Z,3524813
grit,2012-02-29T13:34:08Z,3581913
grit,2012-03-02T20:38:09Z,3605906
grit,2012-03-16T03:39:09Z,3735598
grit,2012-03-16T16:24:13Z,3740698
grit,2012-03-18T01:13:05Z,3752025
grit,2012-03-29T08:47:46Z,3864203
grit,2012-04-08T05:16:33Z,3962608
grit,2012-04-22T11:40:32Z,4103515
grit,2012-04-27T04:46:59Z,4155154
grit,2012-05-05T19:05:55Z,4235927
grit,2012-05-06T09:00:40Z,4239496
grit,2012-05-11T00:16:53Z,4291450
grit,2012-05-14T11:33:32Z,4323084
grit,2012-05-23T13:57:11Z,4420681
grit,2012-05-25T02:04:40Z,4440272
grit,2012-06-02T19:53:48Z,4531987
grit,2012-06-15T03:19:23Z,4671097
grit,2012-06-19T22:19:25Z,4719897
grit,2012-06-22T16:24:05Z,4753223
grit,2012-06-27T10:48:57Z,4807186
grit,2012-06-27T19:49:20Z,4812791
grit,2012-06-28T01:58:53Z,4815727
grit,2012-07-17T12:10:51Z,5081368
grit,2012-07-18T02:22:01Z,5090759
grit,2012-07-18T10:29:54Z,5094748
grit,2012-07-25T05:34:12Z,5175125
grit,2012-07-29T19:48:12Z,5225073
grit,2012-08-07T06:12:17Z,5324120
grit,2012-08-09T13:45:48Z,5356108
grit,2012-08-16T01:29:13Z,5433647
grit,2012-08-17T08:33:03Z,5449803
grit,2012-08-23T10:31:37Z,5523917
grit,2012-08-23T22:58:43Z,5533602
grit,2012-08-31T22:59:40Z,5634970
grit,2012-09-02T20:22:20Z,5651523
grit,2012-09-05T22:34:09Z,5694531
grit,2012-09-06T18:23:10Z,5706537
grit,2012-09-10T02:08:13Z,5743786
grit,2012-09-11T14:40:43Z,5766415
grit,2012-09-11T16:35:35Z,5767152
grit,2012-09-30T05:21:14Z,6016128
grit,2012-10-02T20:16:15Z,6050818
grit,2012-10-02T21:27:03Z,6051739
grit,2012-10-03T10:05:13Z,6058259
grit,2012-10-06T14:02:26Z,6103246
grit,2012-10-07T21:18:59Z,6116435
grit,2012-10-10T20:25:43Z,6163880
grit,2012-10-14T17:15:47Z,6216011
grit,2012-10-17T10:51:33Z,6259780
grit,2012-10-21T01:52:04Z,6315859
grit,2012-10-23T10:41:40Z,6350640
grit,2012-10-28T12:16:40Z,6427179
grit,2012-10-31T21:08:58Z,6480711
grit,2012-11-07T02:00:08Z,6572849
grit,2012-11-07T18:44:23Z,6584289
grit,2012-11-25T10:43:31Z,6849856
grit,2012-11-25T12:01:47Z,6850450
grit,2012-11-29T03:44:34Z,6914760
grit,2012-12-02T16:05:51Z,6969085
grit,2012-12-07T10:10:44Z,7051345
grit,2012-12-07T13:51:34Z,7053901
grit,2012-12-28T15:54:02Z,7356295
grit,2012-12-29T13:16:08Z,7366541
grit,2012-12-29T15:59:13Z,7367881
grit,2013-01-13T17:20:23Z,7590914
grit,2013-01-16T03:31:52Z,7638534
grit,2013-01-17T04:46:39Z,7659927
grit,2013-01-17T15:33:28Z,7668731
grit,2013-01-17T16:00:53Z,7669220
grit,2013-01-18T06:31:25Z,7681754
grit,2013-01-18T07:46:49Z,7682626
grit,2013-01-20T21:03:21Z,7721904
grit,2013-01-23T03:09:13Z,7766710
grit,2013-01-24T06:32:00Z,7792252
grit,2013-02-01T17:29:07Z,7962513
grit,2013-02-04T13:41:37Z,8007917
grit,2013-02-05T12:12:27Z,8028415
grit,2013-02-17T23:57:20Z,8258656
grit,2013-02-22T18:49:43Z,8363511
grit,2013-02-22T20:20:03Z,8365140
grit,2013-02-28T10:14:27Z,8476645
grit,2013-03-03T08:49:06Z,8533933
grit,2013-03-05T18:33:29Z,8586204
grit,2013-03-09T06:02:28Z,8665871
grit,2013-03-11T14:09:16Z,8704768
grit,2013-03-19T14:12:49Z,8880171
grit,2013-03-22T03:09:19Z,8943908
grit,2013-03-25T15:08:09Z,9008838
grit,2013-03-26T19:03:52Z,9038027
grit,2013-03-27T16:30:23Z,9058501
grit,2013-04-01T06:02:57Z,9142020
grit,2013-04-02T11:42:07Z,9168909
grit,2013-04-06T22:16:06Z,9267470
grit,2013-04-13T01:39:00Z,9407085
grit,2013-05-07T13:16:49Z,9912193
grit,2013-05-11T07:50:33Z,9996591
grit,2013-05-12T15:01:09Z,10015044
grit,2013-05-13T13:45:01Z,10032540
grit,2013-05-17T05:41:21Z,10116826
grit,2013-05-19T03:06:50Z,10150299
grit,2013-05-20T05:29:26Z,10166586
grit,2013-05-24T03:12:46Z,10258396
grit,2013-05-30T13:42:11Z,10383577
grit,2013-06-08T20:42:24Z,10574027
grit,2013-06-13T04:37:09Z,10658837
grit,2013-06-14T01:42:25Z,10679813
grit,2013-06-19T13:23:40Z,10792981
grit,2013-06-28T19:58:36Z,11036507
grit,2013-07-10T06:46:32Z,11304576
grit,2013-07-22T10:15:25Z,11578540
grit,2013-07-28T13:25:54Z,11720031
grit,2013-07-31T10:41:21Z,11788662
grit,2013-08-02T14:36:43Z,11845292
grit,2013-08-12T16:17:15Z,12060440
grit,2013-08-23T14:04:38Z,12324450
grit,2013-08-26T11:47:02Z,12377820
grit,2013-08-27T09:24:31Z,12402073
grit,2013-09-06T15:58:13Z,12648148
grit,2013-09-09T13:24:19Z,12702024
grit,2013-09-23T19:09:55Z,13044593
grit,2013-09-25T01:11:22Z,13080817
grit,2013-09-27T06:42:45Z,13143365
grit,2013-10-14T11:05:24Z,13559021
grit,2013-10-22T16:33:40Z,13779241
grit,2013-10-24T11:40:27Z,13830464
grit,2013-10-26T05:37:58Z,13878464
grit,2013-10-29T06:06:45Z,13947888
grit,2013-10-29T06:19:09Z,13948034
grit,2013-10-31T00:55:10Z,14004037
grit,2013-11-03T15:33:11Z,14087748
grit,2013-11-07T21:40:38Z,14216658
grit,2013-11-08T10:18:01Z,14229910
grit,2013-11-08T17:15:07Z,14239320
grit,2013-11-12T01:11:09Z,14318506
grit,2013-11-19T17:35:24Z,14532221
grit,2013-11-27T15:27:30Z,14750851
grit,2013-12-07T07:19:47Z,15001698
grit,2013-12-27T06:22:32Z,15467944
grit,2013-12-28T11:55:20Z,15491678
grit,2014-01-02T05:10:07Z,15576338
grit,2014-01-02T15:04:17Z,15586270
grit,2014-01-05T05:43:43Z,15646205
grit,2014-01-05T17:58:45Z,15655811
grit,2014-01-05T19:24:54Z,15657217
grit,2014-01-06T13:06:10Z,15674202
grit,2014-01-09T13:24:57Z,15767319
grit,2014-01-14T20:22:14Z,15914333
grit,2014-01-21T13:51:29Z,16103793
grit,2014-01-28T16:15:54Z,16317182
grit,2014-02-06T23:10:59Z,16597571
grit,2014-02-10T04:12:54Z,16684099
grit,2014-02-12T08:15:46Z,16760482
grit,2014-03-04T10:15:16Z,17397997
grit,2014-04-22T17:09:57Z,19038275
grit,2014-05-08T08:46:34Z,19566715
grit,2014-06-01T19:34:44Z,20384674
grit,2014-07-17T11:02:08Z,21938727
grit,2014-07-20T02:31:22Z,22024285
grit,2014-07-30T09:13:53Z,22419346
grit,2014-08-21T12:20:18Z,23186024
grit,2014-10-25T09:17:57Z,25726189
grit,2015-03-31T07:24:23Z,33171085
grit,2015-03-31T11:26:11Z,33181611
grit,2015-04-12T16:40:00Z,33824724
grit,2015-05-25T08:03:03Z,36218259
grit,2015-06-01T14:26:36Z,36665937
grit,2015-07-04T14:07:50Z,38535834
grit,2015-07-15T20:49:27Z,39160547
grit,2015-07-25T10:17:12Z,39680504
grit,2015-07-30T10:22:24Z,39944750
grit,2015-11-14T09:35:38Z,46169123
grit,2015-11-30T04:24:04Z,47095094
grit,2016-01-04T14:52:42Z,49003404
grit,2016-03-20T00:45:07Z,54293896
grit,2016-04-08T16:49:48Z,55795046
