ip,number
204.93.205.6,2
67.43.4.203,1
104.237.142.16,1
173.239.116.69,1
50.112.250.49,2
69.195.124.206,1
50.63.202.35,1
192.95.29.59,1
96.44.129.35,3
54.183.137.72,1
23.6.21.6,1
91.208.99.12,1
72.50.232.234,1
50.17.248.219,1
64.14.253.215,1
64.14.253.214,1
198.41.208.113,1
64.14.253.216,1
192.254.212.162,1
203.162.170.6,1
66.160.141.133,1
206.142.224.150,1
23.37.15.219,2
64.207.157.185,1
208.68.169.171,1
87.106.131.81,1
50.63.202.48,2
88.198.186.200,1
162.159.246.46,1
72.5.9.197,3
208.68.169.167,3
137.117.96.45,1
207.170.215.3,2
50.87.148.126,1
192.169.250.37,1
184.30.64.237,1
54.85.188.201,2
69.89.9.63,1
199.83.132.13,1
184.73.230.19,4
144.53.228.30,2
198.61.250.72,1
74.118.78.164,2
50.63.202.57,1
204.244.141.63,1
216.150.66.45,1
204.15.126.11,1
69.89.27.245,1
208.97.129.147,1
172.232.7.168,1
208.93.194.171,1
58.215.64.165,1
198.20.224.248,1
64.141.189.17,1
54.72.116.129,1
209.197.123.153,1
66.135.37.5,1
72.3.174.80,1
50.63.202.60,1
64.131.73.74,2
37.202.6.124,2
162.159.250.207,1
173.193.191.253,1
104.20.18.187,1
23.96.124.25,1
23.78.201.35,1
205.254.135.7,2
38.113.83.148,1
173.237.190.111,1
23.203.162.156,1
206.53.213.33,1
46.183.12.151,1
209.151.229.153,2
188.65.114.122,1
45.56.124.147,3
50.57.106.193,3
184.28.17.208,1
46.38.179.121,1
199.83.132.70,2
184.28.17.202,2
184.28.17.201,1
12.169.112.245,1
216.58.153.230,3
66.220.4.49,1
68.67.69.20,1
54.243.211.55,2
204.144.132.37,1
64.30.228.82,1
184.28.17.219,1
64.30.228.84,2
64.30.228.83,1
128.143.28.141,2
66.179.32.157,1
64.238.147.58,1
23.202.206.179,1
178.33.184.219,2
97.74.249.128,1
207.109.68.3,1
216.182.81.192,1
160.109.108.154,1
108.61.156.171,3
62.146.91.235,1
108.61.156.170,3
70.105.81.71,1
104.16.5.222,1
192.225.222.51,1
67.192.246.152,1
45.56.124.124,1
185.34.84.244,1
199.241.233.134,1
104.28.14.49,1
128.32.48.225,1
209.17.80.1,1
87.76.29.114,1
184.106.201.103,1
50.63.202.21,2
195.154.220.62,1
172.232.7.107,1
98.129.102.102,1
23.196.91.174,1
162.242.193.45,1
209.237.151.17,1
134.67.21.19,2
216.65.53.42,1
46.243.3.41,1
23.218.127.223,1
184.168.47.225,2
103.23.246.21,3
23.13.209.194,1
213.218.119.102,1
134.67.21.34,1
92.53.241.21,1
96.126.111.93,1
208.68.72.193,1
74.217.47.23,1
213.218.119.104,1
199.27.76.249,3
23.202.220.189,1
199.102.234.151,2
38.102.136.104,4
204.232.186.80,1
194.78.164.167,1
70.42.23.121,3
54.187.48.86,1
66.114.52.38,1
187.45.216.36,1
192.252.210.226,1
208.79.238.109,2
173.10.114.25,1
66.175.215.13,1
137.123.104.70,1
50.31.158.90,2
72.32.88.138,1
193.194.138.109,1
23.202.220.190,1
23.6.66.14,1
172.232.0.247,1
157.166.239.132,2
192.240.177.31,1
199.83.132.99,3
50.100.12.168,1
216.18.228.100,1
74.201.12.9,1
199.83.132.97,1
107.0.204.193,1
85.13.149.161,1
70.165.102.12,1
162.13.37.189,1
72.14.187.68,1
144.118.94.19,2
23.202.211.120,4
62.210.16.61,1
68.177.38.166,1
75.126.157.163,1
66.114.52.11,2
199.27.76.230,2
66.114.52.12,2
66.114.52.15,1
54.236.107.142,1
66.114.52.16,1
64.73.30.163,1
50.16.223.185,1
184.171.171.100,1
23.202.206.151,3
199.83.132.81,1
68.177.38.176,1
141.8.225.252,2
194.73.176.180,1
192.240.177.10,4
148.84.103.12,1
54.208.162.84,1
144.125.40.145,2
72.14.178.84,1
199.27.76.207,12
199.241.233.195,1
69.48.252.222,1
23.37.20.177,1
74.86.200.224,1
62.48.49.72,1
199.231.76.123,1
173.236.185.32,1
54.236.208.100,1
136.179.236.209,1
216.69.240.58,1
107.20.142.42,1
216.69.227.88,1
173.192.115.1,1
23.21.113.24,1
108.162.203.12,1
166.78.197.195,1
23.13.140.148,1
216.237.121.106,1
198.41.185.41,1
162.220.5.150,1
69.65.47.162,1
82.194.87.199,2
23.32.169.125,1
74.208.71.164,1
64.79.68.122,1
23.202.228.244,1
98.129.100.83,1
54.174.107.151,1
147.67.136.21,1
69.49.188.121,1
206.188.214.227,2
66.114.52.54,2
174.122.121.2,1
87.98.213.88,2
89.31.73.60,1
208.91.196.94,1
204.93.155.69,1
23.0.54.215,1
104.45.81.79,1
64.27.101.155,3
23.239.66.36,1
97.87.29.132,1
217.147.82.121,1
108.168.157.225,1
50.16.227.22,1
50.57.182.45,1
64.147.131.218,2
104.130.121.91,1
166.78.136.142,1
64.107.183.9,1
52.7.167.68,1
159.121.200.129,1
23.72.51.9,1
54.225.211.243,1
208.68.72.102,1
140.172.12.69,2
64.89.145.159,1
208.75.149.131,2
23.196.113.249,1
208.68.72.109,2
69.164.223.254,4
23.202.215.223,2
209.202.252.50,2
23.202.224.103,1
198.89.126.117,1
213.138.97.167,1
172.232.60.125,1
204.14.86.110,1
192.200.176.57,1
107.23.76.120,1
141.14.130.22,1
170.171.208.157,1
171.67.205.10,1
69.16.175.10,2
192.237.193.235,1
162.159.250.81,1
142.4.18.47,1
66.135.63.254,1
192.31.237.214,2
160.153.1.1,1
208.66.170.79,1
50.22.184.60,2
199.27.76.194,6
94.236.52.241,2
209.17.116.7,2
208.79.34.5,1
74.208.10.181,1
199.17.15.181,1
67.207.201.37,1
64.12.249.187,1
72.52.187.89,1
141.101.123.26,1
37.59.132.218,1
212.71.236.54,1
184.106.55.72,1
198.41.187.234,1
209.160.33.187,2
173.255.229.221,1
192.0.78.13,10
192.0.78.12,15
198.41.187.242,1
93.88.240.6,1
54.245.85.248,2
64.93.76.136,1
194.74.180.49,1
144.171.20.50,1
152.152.31.120,1
72.247.10.33,1
52.25.205.177,1
5.9.101.176,1
198.57.182.189,1
199.27.76.175,3
185.22.172.110,1
162.159.250.66,1
134.29.224.30,1
198.41.187.245,1
54.204.31.144,1
64.30.136.252,2
64.93.76.129,1
64.93.76.127,1
173.225.113.4,1
128.164.1.16,1
54.208.247.179,1
171.64.213.23,2
162.209.115.188,1
96.6.113.96,1
64.93.76.120,1
23.6.66.56,1
162.159.253.7,1
173.167.163.230,1
198.154.250.236,1
96.45.124.151,1
204.187.15.151,1
108.168.254.169,1
54.88.168.105,2
207.223.6.19,1
64.16.80.187,1
204.128.175.246,2
208.64.160.168,1
54.225.135.93,1
104.20.15.97,1
149.174.149.77,1
162.210.102.11,1
65.255.44.2,1
129.120.90.158,1
72.247.10.10,1
173.192.47.248,1
207.223.6.20,1
157.56.75.164,1
108.166.5.193,1
172.231.231.193,1
94.229.76.35,1
199.101.96.104,2
199.27.76.153,1
96.45.124.161,1
162.159.250.38,1
54.208.94.157,2
192.0.78.25,2
192.0.78.24,7
192.99.6.118,1
74.93.27.181,1
154.51.64.1,1
184.154.131.90,1
198.178.148.110,1
64.13.138.107,1
74.86.120.180,1
217.64.230.100,1
104.28.7.230,1
107.155.75.163,1
172.231.200.178,2
198.58.125.222,5
50.97.139.92,2
95.211.119.178,1
66.96.149.1,1
199.30.93.189,1
199.19.99.165,1
173.192.120.2,2
77.109.145.130,2
110.232.115.10,1
72.167.106.172,1
23.235.33.154,1
104.20.15.37,2
199.171.202.195,1
78.129.227.14,1
172.231.200.189,1
198.64.152.85,1
202.89.4.222,1
54.239.32.138,1
184.106.19.238,1
107.20.145.75,1
119.252.148.17,2
208.184.169.105,1
209.183.183.2,1
72.167.39.123,1
108.162.202.168,1
216.227.223.45,1
198.11.132.23,2
209.217.79.237,2
85.25.28.173,1
198.11.132.241,2
66.111.102.18,1
216.87.188.9,1
216.27.74.215,1
192.147.0.182,1
131.187.112.227,1
54.236.135.69,1
216.27.62.241,2
50.250.238.169,1
192.237.244.66,1
108.163.223.198,1
23.218.140.20,1
162.159.249.21,1
104.28.23.56,1
98.158.195.25,1
66.179.32.169,1
74.121.234.27,2
54.77.221.83,2
198.74.57.210,1
23.235.33.129,3
176.9.92.18,1
23.13.145.34,1
162.217.100.218,1
162.222.203.106,1
184.168.184.1,1
216.17.35.168,1
199.19.78.203,3
46.105.74.99,1
85.17.231.110,2
184.168.139.128,1
45.33.12.201,1
129.22.108.21,1
52.4.228.172,1
173.203.62.111,1
108.168.252.20,5
173.193.186.236,1
23.203.171.119,1
50.63.202.74,1
78.46.22.20,1
190.93.243.191,1
23.196.116.59,1
170.171.208.137,2
173.230.217.88,1
23.21.242.200,2
54.173.226.175,1
108.168.252.27,1
108.168.252.28,4
64.202.178.207,1
174.143.215.22,1
66.60.176.11,1
80.81.122.47,1
202.59.111.174,1
80.81.122.45,1
141.101.115.132,1
23.203.157.114,1
104.16.34.94,1
199.83.44.71,1
192.185.138.29,1
66.150.127.101,1
142.176.15.162,1
108.168.252.19,2
128.197.26.35,1
98.129.127.73,2
82.195.75.100,4
23.13.145.64,1
23.202.224.149,1
104.28.11.61,2
141.101.123.83,1
74.86.80.230,1
104.28.4.96,1
204.197.248.87,1
75.126.137.83,1
199.34.228.100,1
149.20.53.86,5
23.37.27.27,1
74.54.148.85,1
54.235.104.205,1
207.127.15.224,1
23.203.171.134,2
198.252.98.246,1
66.155.35.250,19
50.62.236.1,1
23.196.116.65,1
209.237.226.248,1
64.147.131.201,1
38.107.149.196,1
108.162.206.52,1
52.5.253.20,5
172.231.243.167,1
68.168.102.183,1
208.74.9.228,2
104.28.23.19,1
70.42.6.250,3
199.104.95.15,2
104.31.79.107,1
96.126.115.201,2
32.64.27.158,1
67.196.11.121,2
50.62.51.1,1
67.19.55.218,3
108.162.202.104,1
207.171.7.49,1
174.133.47.111,1
70.42.143.28,1
109.68.230.139,1
69.16.220.195,1
54.236.189.64,1
27.124.117.1,1
23.3.13.35,2
72.15.194.202,1
23.3.13.32,3
136.243.10.16,1
184.106.199.101,1
8.18.97.160,2
200.75.25.71,1
130.236.82.33,1
52.5.133.50,4
178.208.42.186,1
107.20.138.21,1
199.102.167.85,2
98.129.229.31,1
104.130.42.57,2
198.57.169.244,1
23.3.13.50,4
72.167.232.53,1
130.126.162.47,1
54.249.74.124,1
66.244.68.19,1
204.68.194.250,1
23.3.13.43,5
23.3.13.42,3
23.3.13.41,2
50.28.1.122,7
128.128.76.17,1
194.213.125.210,1
78.109.59.41,1
209.190.55.50,1
23.3.13.49,1
88.198.24.70,1
50.62.188.117,1
63.236.110.157,1
199.83.132.200,1
96.16.151.226,1
192.232.219.99,1
169.146.191.105,1
173.201.96.128,1
172.231.217.199,1
54.215.207.44,1
23.3.13.57,2
23.3.13.56,2
64.70.0.130,1
23.3.13.51,4
93.93.130.214,1
149.174.144.29,1
140.177.205.134,1
128.198.5.212,1
162.159.253.179,1
23.3.13.59,3
175.107.184.169,1
69.90.134.14,1
152.19.134.40,1
184.106.20.205,1
152.19.134.41,1
69.163.156.100,1
23.3.13.72,3
205.237.195.231,1
23.13.179.210,1
76.12.55.77,4
54.83.42.186,2
199.184.237.186,1
23.3.13.67,1
23.3.13.66,1
23.3.13.64,5
68.71.57.227,1
129.22.12.21,1
173.199.177.32,2
192.185.39.229,1
199.83.132.202,1
192.229.162.2,1
207.126.59.27,1
209.236.126.146,1
198.199.69.71,2
149.101.146.74,1
129.176.217.220,1
143.236.35.134,2
8.24.146.47,1
198.185.159.144,1
198.185.159.146,2
67.43.12.37,1
23.37.9.144,1
104.31.80.182,1
198.57.186.242,1
69.174.48.183,1
162.159.244.113,1
72.32.195.74,1
209.197.78.79,2
91.224.26.204,1
204.63.174.8,1
23.6.73.25,1
78.136.36.234,1
62.128.128.226,1
192.240.184.231,1
198.41.188.36,1
104.16.0.30,2
87.98.128.200,1
216.223.155.120,2
172.232.172.178,1
174.129.31.123,1
192.38.86.22,1
192.241.223.234,1
209.217.79.244,2
162.159.244.121,1
199.83.132.240,1
66.43.21.79,1
50.18.181.84,1
209.188.84.99,1
69.64.70.126,4
104.16.12.13,11
23.3.13.11,2
23.3.13.10,2
104.238.97.147,1
66.35.111.123,1
23.3.13.19,2
23.3.13.18,3
23.3.13.17,2
205.139.107.202,1
98.158.195.67,3
69.167.156.19,1
66.181.125.167,1
192.254.234.179,1
208.112.30.103,1
23.15.9.144,1
23.202.203.213,1
67.225.143.14,1
98.129.229.92,1
23.3.13.25,2
23.3.13.24,4
195.78.85.99,1
65.74.179.138,1
98.158.195.74,1
23.15.9.137,1
104.24.113.187,1
23.3.13.27,1
64.94.140.201,2
50.77.249.22,1
69.195.198.153,1
185.79.129.12,1
66.232.150.10,1
12.185.27.9,2
64.147.131.171,1
128.138.128.89,1
66.45.49.2,2
199.79.178.189,1
65.71.162.1,1
54.239.36.155,1
190.93.242.83,1
213.95.146.33,1
12.129.245.160,1
23.3.13.187,1
23.3.13.186,3
64.94.140.212,1
184.106.55.25,2
198.41.186.181,1
50.63.97.1,1
67.207.43.83,1
107.23.183.195,1
104.27.128.200,1
72.5.226.122,1
66.151.4.86,2
64.154.62.100,1
74.209.245.125,1
162.159.243.55,1
8.14.83.56,2
217.13.71.84,1
198.252.100.61,1
23.3.13.195,1
198.153.77.101,2
12.169.112.165,1
50.56.22.84,2
199.241.233.41,1
65.89.18.120,1
64.111.120.6,1
76.12.217.147,3
199.119.127.205,1
54.85.148.225,1
71.18.113.154,1
72.10.49.57,1
66.175.215.207,1
23.235.46.194,4
172.231.203.74,2
54.194.26.51,1
67.111.179.137,1
192.229.162.23,1
144.230.172.12,1
69.16.236.246,1
202.87.45.129,1
96.30.8.236,1
162.249.107.7,1
23.196.79.40,2
54.209.82.221,1
192.254.214.97,1
5.135.53.206,1
24.248.159.129,1
172.231.253.213,1
31.192.117.132,1
104.31.86.58,1
74.94.153.49,1
104.28.30.26,1
64.68.37.84,1
198.252.100.46,1
23.3.13.176,1
104.18.51.48,1
138.236.127.126,1
212.19.36.60,1
12.169.112.144,2
112.140.185.140,1
74.217.243.76,1
156.42.184.18,1
69.18.205.91,3
173.225.177.193,1
166.78.26.127,1
94.23.150.222,1
74.209.245.158,1
204.232.182.4,3
104.28.17.19,1
74.120.127.150,2
74.220.215.51,1
159.178.62.48,1
23.235.46.175,3
72.247.9.145,1
69.63.134.35,1
72.247.9.144,1
141.2.140.22,1
141.242.248.222,2
209.15.209.70,1
64.74.242.147,3
192.163.222.182,1
65.19.143.113,1
54.243.253.29,1
72.5.226.167,1
62.182.57.28,1
192.185.52.143,1
23.202.198.74,1
98.129.63.208,1
23.37.22.48,2
198.1.104.147,1
23.37.10.67,1
72.247.9.112,1
195.7.33.37,1
152.17.48.167,1
72.5.226.175,1
104.237.128.147,1
64.210.193.220,1
96.125.177.111,1
199.58.79.21,1
172.231.225.111,1
141.101.112.179,1
207.32.182.40,1
203.158.144.138,1
97.74.215.50,1
23.21.85.138,1
74.220.215.70,1
98.129.63.211,1
64.85.1.50,1
72.247.9.123,1
68.71.242.75,2
199.182.48.98,1
82.98.108.253,1
12.236.156.80,1
208.93.158.153,1
54.210.232.189,1
23.6.72.154,1
174.129.193.239,1
54.187.96.142,1
8.27.243.253,1
204.246.150.201,3
74.201.105.31,1
68.232.253.4,1
12.129.245.171,2
69.174.244.195,1
23.23.215.6,1
207.241.224.2,2
178.16.224.32,1
12.169.112.188,1
23.235.46.162,2
178.20.64.117,1
72.247.9.121,1
96.126.99.193,1
195.78.229.244,1
23.3.13.226,1
5.10.105.36,1
23.62.6.88,2
23.62.6.89,3
23.202.212.38,1
75.126.7.19,1
162.216.5.226,1
64.93.76.214,1
94.228.129.30,2
74.220.207.168,1
54.173.186.66,1
108.162.206.236,1
23.235.37.217,2
69.164.223.115,3
216.145.162.100,1
23.202.207.216,1
95.131.216.124,1
69.165.118.36,1
23.62.6.72,3
23.3.13.232,1
176.10.169.228,1
23.3.13.233,1
23.3.13.234,1
23.235.37.204,1
23.3.13.208,1
65.217.61.245,1
109.74.10.31,1
65.213.145.56,1
23.62.6.65,4
23.62.6.66,7
8.247.89.196,1
216.26.128.28,1
23.37.22.53,1
206.71.53.6,1
205.144.171.18,1
67.21.116.112,1
23.62.6.58,4
74.121.198.42,1
216.50.37.6,1
64.14.24.99,1
23.3.13.201,2
50.16.195.11,2
103.24.121.10,2
104.244.30.251,1
23.235.46.230,3
23.3.13.217,1
103.28.149.234,1
23.3.13.218,1
23.3.13.219,2
23.235.46.249,5
66.45.171.42,1
23.3.13.216,1
199.119.127.176,1
54.213.252.226,1
23.62.6.57,3
23.62.6.50,6
23.62.6.51,2
50.115.32.170,4
72.214.203.175,1
186.202.153.14,1
216.240.149.32,2
54.195.249.126,1
54.83.42.18,1
66.175.58.9,1
67.208.32.101,1
206.19.49.160,1
206.19.49.161,1
23.62.6.49,8
172.231.150.34,1
128.117.225.86,1
107.20.159.165,1
65.39.205.54,1
104.28.7.58,1
23.3.13.211,1
104.16.8.6,1
76.12.98.244,2
66.117.47.207,1
209.236.114.19,1
23.62.6.43,3
74.208.158.252,1
23.202.200.18,1
192.232.251.97,1
23.62.6.41,2
23.62.6.42,2
213.155.110.82,1
66.37.63.28,1
74.120.180.22,1
65.61.179.99,2
184.30.68.188,1
54.175.204.55,1
104.28.29.95,1
88.208.252.216,1
85.92.92.130,2
152.131.96.221,1
67.227.220.252,1
74.112.192.108,1
162.159.240.164,1
97.65.16.41,2
78.109.87.49,1
50.62.50.142,1
80.168.4.194,1
66.175.215.199,2
81.3.18.60,1
199.48.129.83,3
192.184.8.38,3
202.4.224.190,1
23.3.13.248,1
66.135.38.90,2
23.3.13.249,1
141.211.146.80,1
64.70.58.115,1
207.32.191.27,1
208.81.201.210,1
208.111.160.6,2
23.23.157.28,2
31.186.247.8,1
74.220.207.186,1
81.201.190.216,1
81.169.145.80,1
23.3.13.242,2
162.159.240.159,1
69.32.182.51,1
152.3.102.94,1
23.235.46.207,14
217.64.237.160,1
132.64.178.155,1
83.96.149.106,1
144.202.252.133,3
131.103.20.168,1
104.28.7.93,1
209.242.20.53,1
206.212.234.129,3
23.235.33.64,1
104.28.29.83,1
160.79.7.184,1
208.80.7.228,1
64.41.216.61,1
199.233.90.68,1
74.208.117.87,1
23.202.203.141,1
216.151.3.67,1
74.120.190.104,1
199.167.135.172,2
54.243.216.40,2
23.227.10.54,1
46.43.37.72,1
74.84.206.40,1
23.196.125.5,1
66.155.40.250,2
198.41.188.76,1
66.114.149.59,2
67.210.103.137,2
199.193.247.56,1
198.41.205.52,1
198.62.158.160,1
80.246.185.91,1
192.64.55.11,1
104.28.11.124,1
184.173.83.234,1
72.52.128.132,1
64.13.232.182,1
166.78.199.65,1
109.200.26.10,1
65.111.72.22,1
209.131.91.64,1
66.155.40.242,1
64.20.45.194,1
23.6.69.96,1
66.155.40.249,1
50.112.96.172,1
173.254.28.37,1
67.220.50.62,2
198.199.114.31,1
54.192.193.231,1
23.253.229.172,1
12.130.79.34,1
172.231.229.250,1
174.77.66.141,2
54.173.186.17,1
124.150.157.254,1
74.120.190.105,2
171.67.115.68,1
23.253.58.5,1
23.13.154.98,1
192.240.180.153,1
104.28.11.102,1
128.210.7.84,1
50.18.44.156,1
49.50.242.21,1
74.220.215.236,1
54.225.215.47,2
23.13.171.110,1
132.248.65.14,1
208.91.60.6,6
164.159.171.13,1
111.68.100.146,1
199.233.255.79,2
23.3.13.83,4
89.234.60.207,1
198.41.204.147,1
23.3.13.81,1
199.66.224.19,2
23.3.13.80,2
162.209.127.31,2
64.246.134.52,1
10.238.152.77,2
157.166.226.108,1
23.3.13.73,1
166.70.181.149,1
172.232.8.82,1
97.74.215.230,1
23.15.129.166,1
91.239.55.201,1
200.221.64.50,1
5.9.123.118,1
137.53.244.59,1
37.187.73.62,1
193.99.144.85,1
96.45.76.50,2
184.172.46.28,1
23.37.18.119,1
50.19.109.135,1
91.229.239.23,1
72.29.95.244,1
198.24.145.124,1
23.227.10.21,1
23.235.33.217,1
54.197.253.51,1
130.44.194.100,1
128.95.155.134,1
195.20.222.88,2
23.218.80.28,1
65.115.201.70,1
167.102.224.186,3
208.106.154.163,1
54.241.21.167,1
195.20.222.80,2
46.235.225.87,1
23.6.69.52,1
72.32.63.144,1
176.58.125.94,1
23.3.13.99,1
23.3.13.98,1
132.252.185.231,1
23.3.13.96,1
69.64.61.203,1
108.162.202.232,1
45.79.165.200,1
23.202.193.217,1
130.74.92.141,2
173.194.207.121,2
23.202.193.213,1
23.62.6.90,2
23.62.6.91,2
128.42.169.9,1
195.78.94.76,1
192.241.178.39,2
23.235.33.207,1
23.38.106.39,1
64.37.197.70,1
104.244.28.201,1
67.214.157.20,1
23.196.76.166,1
12.133.121.105,1
23.62.6.96,1
23.62.6.97,3
5.9.67.83,1
198.49.67.107,1
23.202.193.220,2
75.51.206.15,1
173.254.28.80,1
82.192.91.219,2
193.93.175.124,1
23.235.33.204,1
77.245.91.249,1
74.86.133.235,1
108.162.202.227,1
72.55.154.102,1
134.213.145.154,1
123.30.184.8,1
74.208.131.171,1
62.149.229.99,1
174.143.205.12,2
23.37.0.106,1
198.24.156.2,1
109.169.59.97,1
208.69.132.71,1
216.218.216.171,1
80.168.92.141,2
172.231.216.238,1
104.130.9.37,1
94.23.0.135,1
104.28.28.13,1
67.192.157.170,1
130.132.35.53,1
52.0.98.213,1
199.83.132.108,5
192.237.210.181,1
199.83.132.107,1
193.189.75.115,1
199.83.132.104,1
54.148.109.249,1
12.169.112.24,1
208.79.239.107,1
69.175.41.204,1
54.165.241.43,1
184.73.178.155,1
54.243.174.187,1
216.139.213.144,2
50.93.200.48,1
176.223.208.49,1
12.169.112.36,2
103.244.44.16,1
85.10.211.201,1
50.112.111.104,1
109.202.148.162,1
5.35.243.129,1
192.155.48.81,1
192.155.48.80,3
12.216.22.103,1
199.83.132.144,1
199.83.132.143,1
64.94.90.68,1
23.253.198.32,1
172.231.248.119,1
199.83.132.140,1
23.253.198.38,1
80.79.25.74,1
72.32.157.229,2
72.52.4.91,7
173.239.100.170,1
67.220.202.27,1
72.14.183.130,1
104.16.45.26,1
139.191.229.12,1
72.52.4.90,1
66.232.102.139,1
104.156.81.129,3
164.177.140.220,1
172.231.248.126,1
141.0.174.38,1
173.234.141.58,1
174.129.235.52,1
96.43.194.150,1
54.83.195.110,1
74.50.49.248,2
23.3.96.160,1
83.222.235.231,1
96.45.173.130,1
166.78.207.176,1
12.39.35.132,1
75.126.50.204,4
66.129.85.239,1
46.4.81.90,1
50.112.144.237,1
204.9.180.80,1
141.0.174.42,1
98.129.229.142,1
23.62.6.209,1
198.252.98.71,1
23.62.6.200,3
64.94.90.231,6
83.170.122.1,1
162.159.244.55,2
204.51.171.72,1
54.187.65.121,1
87.246.123.17,2
206.127.24.17,1
52.26.187.100,1
23.96.4.94,1
12.169.112.78,1
23.62.6.216,2
162.159.244.251,1
23.62.6.210,1
141.101.115.9,2
23.62.6.211,1
64.6.108.29,2
66.179.33.168,1
74.114.90.34,1
129.15.96.11,1
46.41.159.221,1
152.3.72.121,1
70.32.68.198,1
165.112.140.110,1
74.217.236.217,1
64.94.90.94,7
207.233.124.77,1
37.218.254.104,1
194.224.84.148,1
108.168.185.244,1
199.83.132.187,1
162.209.30.187,2
206.190.56.190,1
66.135.33.146,2
199.83.132.186,2
199.83.132.185,9
209.251.179.51,1
188.227.224.108,1
209.251.179.50,2
64.194.202.213,1
74.217.236.242,1
72.172.88.41,2
130.113.111.105,1
185.11.124.2,1
66.39.46.62,1
209.66.96.40,1
80.146.228.67,1
23.6.22.140,3
207.115.69.198,1
209.195.138.53,1
96.6.47.224,1
98.129.229.174,1
104.28.14.112,1
132.236.27.29,1
74.123.155.103,1
23.6.64.237,2
141.8.224.239,2
206.127.24.33,3
5.79.79.183,1
199.83.132.193,1
82.165.41.83,1
140.147.249.118,1
72.38.126.119,2
104.28.28.92,1
108.61.9.155,2
54.77.193.42,1
206.127.24.26,1
23.21.83.210,1
12.29.17.22,1
104.28.28.94,1
107.21.236.37,1
208.255.163.163,1
98.129.229.186,1
81.201.190.19,1
66.18.17.70,1
104.28.14.120,1
66.48.77.247,1
91.227.37.167,1
216.52.221.69,1
50.43.95.6,1
172.232.193.120,1
23.202.214.146,1
172.232.187.22,1
195.24.233.53,2
23.6.17.141,1
173.227.222.129,1
85.124.84.234,2
184.73.162.76,1
209.34.236.170,1
199.83.132.173,1
147.136.62.50,2
54.66.124.38,1
209.251.179.49,1
94.199.252.72,2
190.93.246.244,1
23.253.35.27,1
216.55.187.92,2
72.3.230.20,1
207.241.148.82,1
64.68.36.1,2
206.19.18.17,1
98.129.229.162,3
69.43.153.148,4
204.144.184.130,2
52.0.39.242,1
54.164.52.162,1
130.86.12.251,1
204.13.81.114,3
132.236.27.79,1
72.22.202.129,2
129.93.250.74,1
202.148.153.145,1
205.234.241.196,1
104.28.28.41,1
83.166.167.22,1
168.100.10.218,1
37.58.75.241,1
23.38.105.143,1
146.186.149.141,1
8.25.205.50,5
75.126.64.116,1
108.178.23.202,1
8.25.205.51,2
173.236.103.3,1
23.202.214.155,1
176.32.103.149,2
198.41.209.118,1
198.41.209.116,1
94.23.185.210,1
64.202.66.42,1
67.132.201.2,1
172.231.203.120,2
147.144.1.212,1
72.21.203.211,1
23.202.202.54,2
23.235.46.73,1
174.35.73.168,1
103.14.245.12,2
69.39.238.182,2
74.50.21.62,1
198.154.235.201,1
103.18.154.33,1
23.202.198.233,1
23.253.53.237,2
178.63.91.44,1
69.172.201.208,4
206.123.105.208,1
208.113.184.104,1
69.43.153.159,1
192.240.183.132,1
104.16.113.57,1
195.137.184.101,2
193.190.223.41,1
50.250.206.115,1
23.253.124.251,1
198.41.209.133,1
87.117.198.190,1
184.172.15.84,1
23.202.227.210,1
23.6.19.53,1
204.236.230.37,1
23.202.227.212,1
184.73.245.212,2
174.129.231.186,1
87.54.7.131,1
108.162.201.29,1
199.38.60.195,1
23.62.7.56,1
69.167.170.74,1
23.62.7.58,2
75.119.192.122,1
195.99.196.230,1
54.225.219.179,2
66.135.37.205,1
23.62.7.49,1
170.190.30.34,1
213.165.95.4,1
180.150.134.172,1
128.210.126.179,1
209.166.156.160,2
64.6.28.1,1
166.78.225.124,3
64.111.28.20,1
220.95.239.154,1
143.127.10.99,1
23.202.211.60,1
69.89.31.128,1
104.131.116.182,1
54.83.205.21,3
81.169.145.151,1
23.235.46.67,2
23.62.7.43,1
23.235.46.64,1
208.70.247.69,1
69.164.39.143,1
64.91.231.128,1
23.202.211.58,2
54.247.90.74,1
190.93.246.182,1
66.39.94.223,1
64.27.100.123,1
23.3.13.113,1
190.93.246.183,1
134.161.7.207,1
199.27.180.155,2
165.24.200.100,1
162.159.251.9,1
162.159.251.5,1
213.133.110.230,1
23.62.7.34,1
23.62.7.33,1
67.225.146.59,1
23.62.7.35,1
23.196.56.198,1
193.200.4.221,1
91.212.157.151,1
64.13.232.78,1
23.62.7.26,1
80.190.141.165,1
190.93.245.58,1
198.133.77.45,3
173.255.200.32,1
75.126.50.199,3
208.113.163.6,1
72.167.36.23,1
143.95.83.44,2
23.202.200.223,1
65.213.146.39,4
98.188.110.106,2
23.239.23.149,1
23.62.7.25,1
65.213.146.37,1
208.52.167.21,1
107.20.187.97,2
198.61.151.232,1
54.225.125.26,1
23.37.18.212,1
37.122.248.22,1
104.28.6.230,1
23.23.242.234,2
66.151.232.80,16
134.213.34.201,1
23.37.4.218,1
208.46.162.46,1
198.59.3.184,1
173.193.141.95,1
82.194.95.174,1
54.239.20.164,1
149.175.1.93,1
162.209.116.11,1
193.63.75.99,1
198.209.226.189,1
199.175.56.184,1
198.148.81.138,1
23.3.13.145,1
174.142.39.179,1
134.21.213.22,1
208.30.80.59,1
149.174.110.93,1
104.24.123.135,1
216.168.135.100,2
172.232.92.103,1
68.169.44.121,1
50.56.167.166,2
64.16.80.50,2
208.89.114.21,2
172.231.250.202,1
93.184.216.105,1
50.207.180.30,1
23.203.156.151,1
23.235.37.129,1
68.77.114.178,1
23.3.13.153,1
23.3.13.129,2
23.235.37.154,1
137.254.60.32,1
50.56.167.157,1
216.92.34.251,1
162.209.48.61,1
64.20.52.34,2
64.94.106.66,1
212.58.244.60,1
192.240.160.172,1
206.16.160.70,1
23.3.13.123,1
134.148.4.10,1
138.246.224.26,1
93.184.216.132,1
173.249.73.17,1
173.208.165.123,2
72.167.40.190,1
74.91.113.167,2
173.227.222.164,1
23.3.13.138,1
162.144.45.67,1
5.39.68.11,2
207.21.205.8,1
23.219.220.56,1
207.182.136.102,1
209.140.194.21,1
140.211.11.131,1
93.184.216.120,1
142.54.227.115,1
208.112.85.149,1
208.68.76.50,2
23.3.13.131,1
35.8.223.41,1
184.72.238.215,1
74.86.127.27,4
209.190.36.26,1
204.236.230.255,1
23.37.10.117,2
23.62.6.184,1
104.28.2.91,1
209.17.68.50,1
23.62.6.186,1
23.62.6.187,1
104.28.18.119,1
207.210.200.34,1
23.37.26.140,1
209.59.15.33,1
98.175.240.26,1
174.36.207.146,1
104.20.13.97,1
216.38.220.23,1
195.24.232.203,1
64.12.245.16,2
23.203.106.5,1
64.237.40.156,2
216.92.158.201,1
23.203.144.36,1
204.10.69.182,1
128.59.105.53,1
192.167.107.143,1
172.231.250.247,8
23.62.6.193,1
72.32.59.21,1
23.62.6.194,1
198.74.53.65,1
54.175.20.243,1
54.172.9.85,1
209.17.68.100,1
69.80.200.240,1
162.13.104.242,1
216.38.220.20,1
74.39.215.30,1
98.158.194.149,1
78.46.174.180,1
174.127.81.161,1
97.74.144.137,1
104.28.13.46,1
88.80.186.169,1
166.78.22.242,1
201.212.0.7,1
161.203.16.77,1
209.17.68.33,2
31.192.116.24,3
198.40.3.181,1
50.63.35.1,1
104.28.13.38,1
162.159.253.213,1
107.161.31.23,2
208.229.144.92,1
66.116.114.200,1
69.89.10.248,1
50.115.32.210,1
172.231.236.216,2
52.6.35.246,1
162.159.247.196,1
208.70.188.59,1
67.214.164.188,1
209.17.80.100,1
199.83.129.9,1
216.165.142.99,1
108.168.158.5,1
148.251.95.138,1
104.28.13.26,1
96.126.125.180,1
199.182.216.165,1
104.16.24.52,1
74.208.255.133,1
23.37.26.194,1
208.112.106.160,1
23.37.10.160,1
132.174.11.84,5
192.161.175.12,1
69.89.31.183,1
194.16.70.19,1
141.211.168.141,1
12.169.112.14,1
160.94.254.1,1
141.101.125.34,2
104.192.198.47,1
165.201.104.18,1
192.223.29.167,1
216.228.165.105,1
23.202.211.8,1
75.101.152.105,1
65.213.66.233,1
162.254.116.36,1
61.93.254.238,1
70.40.223.107,1
128.86.130.186,1
66.209.93.91,1
23.37.18.235,2
88.198.26.2,3
69.16.238.66,1
77.222.61.231,1
54.186.104.15,1
50.57.19.2,1
209.157.64.200,4
137.22.94.50,1
70.32.86.146,1
23.62.6.163,2
23.15.128.91,1
206.51.27.103,1
64.99.128.15,1
80.87.128.144,1
69.164.39.138,2
142.4.55.123,1
162.254.116.20,1
50.97.172.211,1
23.37.8.95,1
129.71.164.30,1
206.127.76.39,1
192.99.21.128,1
192.185.104.19,1
23.62.6.176,1
173.192.117.149,1
23.62.7.59,2
104.27.141.65,1
162.159.247.32,1
69.164.39.128,10
157.166.249.128,1
67.196.0.168,1
104.130.126.110,4
69.89.31.150,1
212.71.234.182,1
75.126.194.99,1
74.200.66.110,1
161.6.94.37,1
134.4.36.101,1
204.13.232.228,1
199.195.122.223,1
207.244.65.212,1
173.194.121.43,3
64.13.170.40,1
173.194.121.44,5
98.129.229.212,2
64.88.191.91,1
162.210.50.126,1
54.230.194.213,1
137.117.146.106,1
50.63.139.152,1
23.92.188.159,1
212.43.237.89,1
199.27.76.67,1
77.75.232.240,2
173.194.121.42,5
23.6.64.193,1
173.194.121.40,1
205.144.164.30,1
207.58.139.247,1
54.236.187.226,1
104.31.81.182,3
23.21.214.48,1
216.151.21.243,1
199.27.76.73,1
208.88.180.11,1
134.94.99.20,1
23.23.207.136,1
23.235.39.65,1
23.235.39.67,1
129.130.8.143,1
54.246.197.117,1
50.28.61.58,1
216.185.112.30,1
23.203.144.240,1
46.51.173.3,1
208.43.132.14,1
205.133.211.2,1
190.93.240.45,1
23.235.39.73,1
104.24.105.170,1
173.194.206.121,1
208.185.238.250,1
23.78.191.46,1
202.79.244.228,1
54.210.140.87,1
208.92.180.218,1
108.166.28.146,1
129.43.254.31,4
173.194.121.12,8
184.173.181.198,1
173.194.121.10,5
173.194.121.11,3
66.43.22.135,1
66.170.13.18,1
66.230.4.1,1
64.251.17.180,1
69.25.104.81,1
208.43.132.26,1
208.43.132.21,2
192.244.231.21,1
208.131.140.64,1
67.228.166.146,1
23.21.77.164,1
85.233.160.70,1
67.228.165.35,6
66.219.98.183,1
67.228.165.36,7
66.43.22.170,2
173.254.242.109,2
69.16.242.212,1
148.251.77.209,1
72.21.91.110,2
162.209.38.103,1
54.175.58.135,2
64.38.198.49,1
85.92.79.50,1
129.79.78.186,1
67.221.232.87,1
199.73.58.14,1
184.173.93.175,1
144.76.9.73,1
174.129.23.7,1
74.208.85.195,1
79.125.106.147,1
199.233.14.33,1
108.162.204.60,1
173.192.100.184,1
64.111.19.74,1
213.171.110.66,1
64.70.72.165,2
219.85.64.200,1
54.201.99.134,1
23.202.217.33,1
69.89.31.74,1
145.222.32.161,3
52.4.148.11,1
192.30.164.129,1
203.189.105.22,1
23.239.27.229,1
23.21.41.182,2
50.63.33.1,1
216.38.80.71,2
75.98.169.217,1
217.78.0.118,1
64.29.145.10,1
213.229.83.102,1
184.80.18.45,1
52.7.20.116,1
199.182.184.122,1
209.190.35.140,1
54.88.254.247,1
74.117.178.84,1
95.141.36.4,1
176.9.190.33,2
5.9.114.4,1
172.231.245.48,1
54.209.219.0,1
212.77.104.24,1
161.58.145.222,1
174.142.144.119,1
104.28.8.81,1
173.205.184.6,3
204.197.242.86,1
173.205.184.7,1
173.205.184.8,2
207.97.235.235,1
192.240.178.17,1
172.231.245.214,1
23.78.185.195,1
70.182.194.205,1
162.159.243.199,1
192.31.187.75,2
104.28.8.93,2
217.79.215.212,2
69.195.124.156,1
136.154.202.7,1
190.93.247.9,2
75.98.175.81,1
108.61.83.83,1
199.233.228.243,1
65.124.48.25,1
174.129.253.150,1
195.78.94.245,1
108.178.32.171,1
54.191.115.155,1
209.157.69.11,1
166.78.34.141,1
199.83.132.4,1
198.154.245.179,1
174.133.210.227,2
162.144.109.63,1
193.137.196.235,1
136.186.1.157,1
75.98.175.92,1
64.207.186.45,1
173.254.242.118,1
128.184.216.56,1
69.175.91.242,1
184.107.158.187,1
184.29.104.200,1
176.32.103.205,1
208.71.195.206,1
111.67.5.45,1
23.253.69.214,1
50.28.0.103,1
72.163.8.86,3
174.130.245.230,1
67.192.48.94,1
88.198.95.172,1
207.38.29.224,1
69.195.124.129,1
23.252.120.42,1
64.91.255.13,1
96.44.144.254,3
216.157.100.46,2
62.97.84.30,1
69.195.124.127,1
177.21.245.70,1
184.106.16.227,1
173.254.190.150,1
38.101.186.200,1
190.93.245.104,2
66.96.157.142,1
141.101.126.223,1
165.127.12.215,1
205.149.129.204,1
188.138.57.103,5
74.217.236.152,1
162.242.239.16,2
23.21.71.65,1
192.203.233.224,1
66.180.195.195,1
208.88.180.51,1
104.16.30.51,1
173.13.164.3,1
91.220.168.7,1
208.67.123.164,2
67.220.210.198,1
208.88.180.54,1
184.168.69.147,1
23.62.7.9,1
128.39.57.33,1
69.195.124.100,1
82.116.78.185,1
72.167.54.99,1
65.213.146.70,1
148.61.6.9,1
23.196.101.29,1
104.16.54.15,2
174.142.104.4,1
137.227.239.66,1
80.87.130.179,1
161.45.157.30,1
66.155.18.127,1
66.76.6.5,2
23.13.161.115,1
216.33.196.100,1
209.240.106.140,1
64.93.76.93,1
162.209.66.182,1
157.150.34.32,1
208.88.180.72,1
50.17.200.145,1
198.85.228.151,1
23.37.4.113,1
173.254.95.15,2
23.37.12.22,1
23.92.217.113,1
129.210.6.6,1
184.173.65.123,1
104.28.19.81,2
103.16.134.19,1
46.137.186.134,1
65.254.250.157,1
216.69.181.13,1
174.129.234.119,1
64.49.249.200,1
140.254.112.210,1
79.125.13.186,1
173.192.35.20,2
123.30.186.215,1
63.245.217.50,2
67.227.171.217,1
186.192.82.65,1
178.18.22.152,1
104.28.5.96,1
162.249.6.44,1
104.16.26.211,1
23.196.114.161,1
104.20.16.99,1
104.156.81.64,2
173.45.82.53,1
193.191.134.65,1
162.159.247.213,1
91.227.122.90,1
174.35.27.108,1
198.1.65.182,1
216.64.129.162,1
104.28.20.63,1
85.235.131.143,1
129.89.24.131,1
64.27.54.227,2
65.167.208.123,2
38.102.72.160,1
50.23.225.119,1
129.123.54.100,1
212.124.244.164,1
140.90.200.21,1
192.124.249.3,1
184.106.44.78,1
172.232.13.120,1
23.37.24.54,8
213.175.215.218,1
64.73.46.4,1
104.28.6.101,1
208.77.152.142,1
208.45.129.216,1
199.66.238.212,1
69.175.48.178,1
119.81.172.52,1
23.202.210.252,1
104.28.27.110,1
209.184.119.196,1
62.108.39.98,1
69.8.250.217,1
54.68.46.14,1
204.14.213.185,1
190.93.248.17,1
216.226.178.194,1
185.24.96.86,1
69.90.62.30,1
157.166.239.85,1
66.111.103.139,1
128.104.244.11,2
174.121.241.42,1
198.27.104.135,1
67.216.170.204,1
178.18.22.167,1
192.17.174.8,1
69.167.168.193,1
199.15.177.153,1
66.96.144.175,1
64.207.177.112,1
216.92.160.111,1
23.203.107.4,1
198.49.31.23,1
23.37.10.204,2
190.93.242.213,1
76.227.214.58,1
186.192.82.9,1
199.116.78.148,1
192.163.198.240,1
66.228.113.242,3
166.78.34.116,1
208.84.244.116,1
67.217.228.72,1
146.229.1.10,1
162.209.113.75,1
54.243.234.21,1
161.58.78.225,1
54.235.159.97,2
209.216.103.178,1
129.72.9.79,1
216.53.162.225,1
104.237.131.180,2
69.93.17.37,2
65.202.222.60,1
209.59.166.84,3
104.16.33.94,1
208.71.129.104,1
170.160.36.18,1
52.4.103.150,3
50.17.192.81,1
23.253.248.15,1
50.17.239.136,1
23.37.0.63,1
209.173.139.2,4
69.89.31.62,1
23.38.104.37,1
46.4.105.113,1
208.91.207.91,1
188.132.232.88,1
82.112.104.81,1
23.23.254.183,1
69.163.144.165,1
92.222.113.19,1
193.194.158.55,1
66.180.11.167,2
65.126.176.47,2
69.64.90.227,1
67.210.102.120,1
99.192.154.23,1
23.49.180.140,1
108.162.207.72,1
35.9.18.4,1
108.162.207.78,1
78.109.168.210,1
12.133.122.191,2
12.133.122.192,1
199.167.149.94,2
12.133.122.193,1
216.223.21.166,1
184.106.137.93,2
193.137.196.75,1
209.62.125.99,1
50.115.122.124,1
158.75.5.251,1
192.186.205.38,1
104.24.120.204,1
38.108.83.20,1
193.252.48.47,1
37.59.31.43,1
216.157.74.124,1
63.64.130.25,1
184.107.100.61,1
204.236.233.132,1
23.203.166.140,1
50.56.238.75,1
208.77.152.196,1
213.225.133.206,1
75.126.220.30,1
178.79.135.181,1
23.202.204.167,1
12.130.147.135,1
108.27.225.133,1
208.109.87.167,1
162.159.252.107,1
212.13.212.47,3
74.54.62.146,1
160.111.252.33,1
94.199.255.148,1
23.202.223.9,15
192.214.104.183,1
66.114.104.141,1
69.163.167.241,1
217.12.24.81,1
184.106.75.114,1
208.78.94.72,1
208.82.16.68,6
66.180.11.177,1
193.191.134.34,4
50.62.237.1,1
72.34.39.136,1
107.23.165.43,1
66.33.213.154,1
74.43.48.136,1
185.26.149.115,1
166.78.85.234,1
199.46.126.55,1
204.232.231.72,1
65.182.217.252,1
74.81.82.130,1
199.116.78.77,1
202.129.142.67,1
98.158.194.48,2
217.147.94.189,1
94.73.146.120,1
50.62.224.1,1
50.19.116.244,1
199.30.80.32,1
74.125.22.121,4
64.94.90.198,2
72.10.49.102,1
64.94.90.199,17
104.28.10.102,1
149.136.36.11,1
23.253.128.112,1
212.70.64.183,1
62.27.15.21,2
208.80.154.236,2
66.152.88.225,1
78.129.157.55,1
46.105.203.141,1
46.31.116.71,1
192.163.204.131,1
77.68.36.243,1
50.63.202.7,1
208.113.204.140,1
192.225.214.51,7
192.96.201.17,2
50.22.12.52,1
206.217.212.37,2
208.89.163.213,1
72.167.159.8,1
72.21.91.167,1
208.80.154.224,53
104.130.43.80,1
206.101.188.70,1
200.46.208.202,1
208.93.105.173,2
192.237.174.63,2
173.194.121.1,1
104.236.10.48,1
173.194.121.3,2
78.129.169.18,1
173.194.121.8,2
200.234.196.189,1
23.23.167.189,2
95.211.77.130,1
64.235.52.11,2
54.197.234.165,1
66.117.1.137,1
217.199.168.61,1
23.0.160.97,2
198.1.76.174,1
23.0.160.98,1
204.244.10.166,2
23.253.13.67,1
50.16.220.70,1
23.0.160.96,4
216.17.101.248,1
23.0.160.90,2
66.129.125.17,1
46.4.71.23,1
54.206.112.243,1
142.54.230.213,1
161.221.76.21,1
172.231.202.178,1
87.98.227.127,1
108.166.113.176,1
134.170.119.140,1
52.25.59.216,3
208.85.40.20,2
185.22.208.137,1
68.71.82.157,2
192.240.163.0,1
192.229.163.72,1
216.86.146.224,1
192.229.163.76,1
193.6.201.253,1
149.28.119.162,2
174.120.214.170,1
52.6.189.46,1
23.0.160.75,1
67.214.102.214,1
23.0.160.73,3
176.9.48.208,1
104.20.16.130,1
23.0.160.74,4
104.239.182.159,1
142.4.206.7,1
70.47.17.70,1
54.149.189.17,1
107.150.141.169,3
67.208.46.150,1
66.225.215.195,1
206.190.141.39,1
65.123.29.240,1
66.43.23.5,1
79.170.40.244,1
170.207.131.141,1
74.121.195.195,1
23.23.131.10,2
23.0.160.88,1
23.0.160.89,1
23.0.160.82,7
23.0.160.83,3
12.129.48.171,3
107.150.141.178,1
23.0.160.80,1
23.0.160.81,3
67.208.46.140,2
137.238.1.3,2
23.203.170.44,1
174.129.252.202,1
216.243.143.155,1
109.234.193.54,1
206.221.211.202,1
192.254.190.14,1
23.0.160.57,5
50.97.38.132,1
184.169.163.152,1
23.0.160.59,4
140.90.235.4,1
162.209.31.180,1
192.163.221.97,3
23.0.160.56,1
23.6.29.227,1
23.0.160.51,2
38.108.74.21,1
54.230.103.81,1
67.43.162.68,1
54.225.207.193,1
190.93.243.15,1
23.202.228.31,1
108.60.207.106,3
192.189.3.82,1
208.85.40.50,1
54.227.239.25,3
216.56.61.52,1
204.246.122.84,2
210.140.128.49,1
23.219.221.127,1
23.0.160.64,2
23.0.160.65,4
23.0.160.66,2
193.137.95.13,1
192.95.62.72,1
23.0.160.67,1
104.24.106.55,1
128.223.86.91,1
23.202.204.55,1
66.179.210.42,1
206.17.82.196,1
88.151.247.138,1
168.18.248.15,1
97.74.181.1,1
104.156.85.64,2
192.240.161.49,1
198.41.30.197,3
50.31.151.33,2
23.202.222.179,1
23.0.160.35,8
199.181.133.153,1
88.208.210.137,1
23.0.160.32,4
23.0.160.33,3
205.166.108.10,1
128.2.207.20,2
104.16.1.30,1
82.98.160.238,1
128.2.207.21,2
72.14.184.156,1
206.125.46.184,1
209.237.233.38,1
54.235.120.155,1
194.204.33.12,2
92.43.216.135,1
104.16.23.32,8
54.88.26.239,1
23.0.160.48,11
69.164.204.60,1
23.0.160.49,2
23.0.160.42,7
87.98.180.46,1
69.165.170.78,1
23.0.160.43,1
74.214.237.236,1
104.239.182.123,1
46.37.174.70,1
208.75.148.50,1
23.0.160.40,4
23.0.160.41,1
216.157.75.196,1
74.125.29.121,9
12.226.47.82,1
128.65.195.10,1
209.61.128.35,1
146.247.13.75,1
65.221.2.44,1
190.93.246.9,1
23.227.38.53,1
23.0.160.18,2
72.14.249.132,2
66.43.28.159,1
23.0.160.19,3
65.61.105.7,2
216.23.173.231,1
198.101.206.86,1
23.0.160.16,4
23.0.160.10,2
23.0.160.11,3
70.103.164.121,3
69.30.255.163,1
66.135.55.92,4
69.72.155.138,1
178.18.18.96,1
216.92.30.49,1
209.126.134.27,1
206.123.103.86,2
85.232.61.154,1
209.200.231.228,1
130.211.131.210,1
192.146.226.130,1
104.18.40.12,1
52.5.61.51,1
129.7.130.133,2
131.111.98.17,1
70.33.188.196,2
23.0.160.24,4
23.0.160.25,3
198.11.238.98,1
23.0.160.26,2
89.151.84.232,1
23.0.160.27,2
66.228.63.167,1
208.76.80.11,1
216.246.53.120,2
190.93.243.45,1
54.209.185.61,1
198.101.128.169,1
87.98.254.183,1
172.231.244.97,1
23.202.216.23,1
54.175.122.20,1
54.208.96.113,1
104.28.18.54,1
23.37.29.105,1
45.55.199.10,1
50.63.110.1,1
199.195.195.140,2
23.23.102.152,1
216.116.229.138,1
104.28.18.40,1
216.116.229.139,1
130.57.66.5,1
142.54.228.103,2
12.28.104.123,1
162.217.198.29,1
74.203.156.29,1
216.157.80.195,1
23.227.38.71,1
72.21.92.62,1
190.93.243.20,1
23.196.102.217,1
66.171.198.19,1
192.84.36.16,2
206.34.121.249,1
104.24.123.1,1
208.113.72.233,1
54.225.112.208,1
64.191.188.12,1
107.150.141.180,2
206.169.91.254,1
67.208.46.136,1
207.127.117.211,1
67.208.46.131,1
134.170.48.192,2
142.4.22.215,1
162.217.175.3,1
194.30.59.6,1
23.202.213.129,1
23.37.29.152,1
12.4.150.65,1
66.11.156.81,3
190.93.243.83,1
198.85.20.50,3
54.244.15.36,1
75.126.177.144,1
194.83.72.21,1
8.247.88.195,1
23.37.29.144,1
202.43.169.238,1
190.93.255.21,1
108.60.201.34,1
166.84.4.66,1
173.236.95.238,1
23.253.180.169,1
23.227.38.32,3
205.217.182.91,1
143.95.99.3,1
37.187.253.61,1
192.254.232.194,1
23.239.6.70,1
173.194.76.121,1
54.165.202.123,1
107.20.241.208,2
188.165.15.144,1
23.203.155.171,1
212.227.212.200,1
208.70.245.25,1
173.193.27.192,1
104.24.3.85,1
72.21.92.25,2
72.21.92.26,1
199.167.191.101,1
72.21.92.28,1
199.167.74.66,1
173.236.52.218,1
72.21.92.20,5
198.101.128.147,1
207.58.191.14,1
107.23.82.66,1
23.209.69.144,1
66.195.246.70,1
207.178.46.61,1
208.49.103.222,1
129.169.10.72,1
209.116.55.132,3
66.147.244.121,1
66.170.17.70,1
209.132.196.83,1
128.192.10.164,1
23.37.29.195,1
54.86.160.117,1
128.192.10.165,1
190.93.245.146,1
185.56.9.66,1
159.54.235.12,2
206.18.123.45,1
172.231.251.4,1
209.62.163.91,1
107.21.234.10,3
193.17.41.95,1
67.220.208.180,1
66.195.159.211,1
85.13.183.163,1
208.87.27.153,1
72.32.206.185,1
66.147.244.103,1
162.222.201.111,1
104.18.48.30,2
64.49.236.163,1
198.145.181.120,1
213.19.161.141,1
54.83.53.28,1
153.106.135.15,1
141.214.176.241,1
5.255.153.130,1
66.33.223.152,1
54.243.34.202,1
23.202.226.185,1
64.73.140.54,1
208.115.219.5,1
192.135.227.210,1
174.136.34.187,1
208.76.81.137,1
12.35.163.151,1
204.13.110.160,1
207.58.151.151,2
208.109.252.142,1
163.1.185.19,1
23.3.13.8,1
190.93.245.186,1
23.3.13.9,3
198.57.180.116,1
208.79.157.155,1
98.158.195.199,2
50.28.71.173,1
23.23.212.212,2
107.170.223.165,1
85.90.254.37,1
174.142.6.196,1
208.83.243.15,2
64.188.51.151,1
134.24.80.37,1
72.32.114.124,1
50.97.35.202,1
63.251.39.200,1
54.76.218.22,1
206.16.194.236,2
104.192.196.47,2
66.165.180.50,1
167.21.84.151,2
96.126.127.58,4
204.12.13.188,1
66.241.70.160,1
193.240.39.101,1
217.67.31.68,1
85.233.202.178,1
128.227.24.28,2
63.146.170.87,1
46.28.209.13,1
160.153.101.230,1
46.4.115.106,1
130.14.81.50,3
184.169.145.148,1
62.233.168.68,1
74.208.177.48,1
144.82.111.20,2
54.186.13.33,1
82.146.59.191,1
65.181.125.194,1
23.196.88.249,1
64.130.10.17,1
31.192.112.104,1
83.166.170.76,1
104.131.218.147,3
198.41.189.38,1
66.6.101.183,1
199.193.245.104,1
74.63.45.18,1
166.78.41.62,1
128.95.104.106,1
54.187.173.177,1
109.163.232.4,1
70.32.106.227,1
216.65.101.8,2
50.23.72.186,1
162.13.207.210,1
23.0.61.133,1
66.111.101.254,1
194.168.186.110,1
89.207.56.140,2
128.2.220.77,1
66.111.101.250,1
69.167.143.98,1
64.7.209.105,1
98.158.195.156,1
54.192.193.97,1
66.152.80.228,1
23.0.58.98,1
80.168.90.92,3
207.210.241.136,3
216.54.20.77,1
81.19.188.247,3
188.165.33.165,1
192.196.158.51,1
208.71.130.253,1
69.173.64.101,1
23.209.80.188,1
69.59.217.194,1
12.130.28.234,2
54.200.160.232,1
198.168.107.100,1
50.56.49.250,1
54.76.68.190,1
190.93.241.189,1
217.198.114.166,1
66.147.244.192,1
59.106.171.70,1
208.40.244.78,1
190.93.240.26,1
151.1.232.104,1
153.104.6.74,1
87.233.6.83,1
198.50.208.98,2
147.70.29.80,1
54.243.73.113,1
173.192.109.211,1
192.185.112.120,1
198.102.28.34,1
198.41.206.51,2
66.147.244.161,1
54.235.111.131,1
104.131.215.62,2
165.193.122.28,1
190.93.241.173,1
66.147.244.168,1
208.111.161.254,1
63.137.115.33,1
140.147.249.80,1
98.158.195.125,1
208.40.244.65,2
69.175.60.42,1
74.200.205.41,3
209.133.198.2,1
23.203.173.195,1
84.89.136.5,2
208.0.27.82,1
162.242.211.17,1
64.49.209.69,1
63.137.115.20,1
98.158.195.117,1
98.158.195.114,1
72.52.227.206,1
69.28.72.130,2
66.11.152.216,1
178.250.168.188,1
66.147.244.171,1
162.159.246.130,1
31.22.112.42,2
173.193.180.42,1
8.225.185.18,1
104.16.26.14,2
72.21.91.8,13
23.202.228.92,1
129.79.225.200,3
66.147.244.145,1
66.147.244.146,1
216.27.23.62,1
98.158.195.148,1
23.202.228.97,2
199.241.235.248,1
23.202.228.95,2
200.165.167.11,1
46.4.234.200,1
184.106.219.62,1
64.182.113.229,1
213.146.183.11,1
202.60.207.79,1
93.180.153.215,1
98.158.195.130,1
184.73.162.106,2
192.241.243.244,1
66.147.244.77,2
8.14.117.89,1
134.186.249.87,1
98.158.195.136,4
213.205.32.58,1
209.188.86.194,3
188.40.67.99,1
195.62.28.133,1
64.13.192.67,1
85.235.131.38,1
184.168.221.27,1
54.241.18.211,1
173.231.129.26,5
67.228.237.108,1
174.129.222.214,3
64.193.120.26,2
69.4.98.217,1
17.251.224.146,2
208.88.180.132,1
104.28.13.94,1
198.87.209.176,1
107.21.215.30,1
184.168.221.34,3
23.37.29.38,1
144.89.40.111,3
184.168.221.36,1
66.39.28.147,1
144.75.4.103,1
162.243.102.188,4
130.64.112.210,1
64.13.192.81,1
217.112.147.57,1
192.104.44.6,1
172.231.255.222,1
129.128.216.33,1
199.47.221.44,1
172.231.232.108,1
131.123.246.53,1
165.193.123.186,3
87.237.210.105,1
162.242.133.50,1
172.231.223.103,1
192.81.98.165,2
31.177.17.84,2
107.20.193.210,1
202.80.220.218,1
107.21.241.248,1
192.64.54.99,1
108.168.211.93,1
54.243.200.60,1
108.168.211.91,3
107.20.148.167,1
45.33.92.229,1
104.28.25.72,1
66.43.29.254,1
140.180.223.42,1
170.97.67.225,4
184.168.221.50,1
184.168.221.58,2
96.47.73.97,1
70.87.222.73,1
159.26.124.160,2
54.206.47.151,1
108.168.211.87,1
108.168.211.86,3
195.20.222.182,1
68.169.40.214,1
66.96.147.128,1
198.89.97.7,1
74.205.63.94,2
69.65.41.131,1
68.71.222.53,2
54.230.195.25,1
72.21.92.151,1
209.132.196.180,1
138.91.33.254,1
62.140.250.178,1
81.171.194.227,4
216.250.171.190,1
199.181.133.56,1
69.55.234.246,4
107.22.234.42,1
144.76.236.72,1
208.91.197.241,1
74.208.46.66,1
164.121.248.85,1
23.37.29.71,1
72.21.92.146,7
142.4.9.34,1
208.71.195.55,1
217.68.21.171,1
23.203.167.127,1
54.69.193.220,2
160.111.252.195,1
66.39.13.238,1
50.19.245.46,1
199.181.133.61,1
104.130.203.227,1
104.131.44.99,1
50.31.26.156,2
198.110.200.4,1
198.41.249.134,1
54.243.47.224,1
199.96.156.219,1
23.202.195.235,1
206.117.58.33,1
43.251.230.27,1
50.28.75.27,5
23.0.58.54,1
66.193.24.200,1
129.78.5.11,1
141.101.127.44,1
208.88.180.129,1
184.154.149.106,1
91.195.240.68,1
81.169.241.4,4
72.167.131.159,1
66.109.50.50,1
66.218.72.112,6
23.203.148.51,1
104.28.25.33,1
208.71.195.97,1
64.14.24.102,1
216.52.178.71,1
199.245.54.187,2
209.114.50.175,1
155.254.19.114,1
12.130.181.88,1
198.38.83.56,1
94.229.168.26,1
148.251.13.74,1
64.233.171.121,10
50.16.247.23,3
104.28.25.39,1
23.38.106.227,1
141.101.127.31,1
69.161.131.140,1
74.84.198.212,2
54.230.195.33,1
66.55.128.228,2
198.41.249.110,1
216.206.87.78,1
199.107.22.46,1
71.4.221.92,2
77.92.64.146,1
173.227.144.246,1
173.255.229.78,1
50.19.245.12,1
198.41.249.101,1
23.235.39.223,1
162.249.37.221,1
198.72.14.83,1
172.232.11.226,1
72.21.92.101,1
78.140.140.16,1
172.232.4.91,1
23.235.39.230,1
69.54.60.190,1
216.197.119.102,1
83.222.235.155,2
88.80.5.108,1
74.119.98.141,2
64.124.61.29,2
206.190.57.61,5
206.190.57.60,1
23.0.160.8,4
198.48.53.26,1
23.0.160.9,9
103.6.212.232,1
68.71.213.179,2
54.185.64.213,1
103.18.4.114,1
85.159.215.171,1
23.235.39.239,2
66.35.204.23,1
50.18.214.17,2
107.6.110.252,1
107.6.110.250,1
23.21.93.15,3
75.101.134.129,2
162.242.160.122,1
123.49.46.157,1
50.116.116.234,1
64.34.211.105,1
23.235.39.207,16
207.82.203.102,1
216.33.197.100,1
207.188.202.230,2
66.129.84.22,2
184.168.27.82,1
65.175.90.223,1
185.12.236.31,1
192.95.13.101,2
23.196.84.234,1
162.159.242.171,1
66.129.91.174,1
66.129.91.173,1
72.47.229.11,1
66.129.91.170,1
69.61.196.170,1
130.211.162.225,1
23.0.56.115,1
75.126.65.210,1
162.159.251.199,1
184.168.221.60,1
104.16.114.57,2
70.169.245.134,1
184.168.221.62,1
208.109.181.132,2
98.158.195.7,2
54.191.129.209,1
67.231.255.168,1
198.57.180.192,1
50.17.185.155,1
50.97.35.153,1
172.231.203.231,1
66.114.52.8,1
184.168.221.71,1
66.114.52.6,1
208.95.216.41,2
171.20.33.100,1
184.168.221.76,1
23.196.123.210,1
23.196.123.213,1
198.41.184.77,1
198.1.111.174,1
208.113.207.118,1
64.106.42.24,1
54.252.106.65,1
69.57.178.218,1
190.93.245.9,3
82.195.132.98,1
192.104.182.100,3
72.20.109.60,2
87.237.123.155,1
54.239.152.236,1
104.16.29.251,1
23.235.39.249,9
41.86.110.200,1
72.14.179.27,1
69.73.181.23,1
23.55.134.247,1
31.11.32.126,1
206.251.244.151,4
193.108.138.250,1
12.133.121.91,2
151.1.201.151,1
128.103.64.114,1
75.101.155.247,1
70.32.78.120,1
23.202.216.127,2
54.165.108.106,1
128.30.52.56,1
72.26.200.203,1
204.51.79.10,1
97.64.84.149,2
8.6.222.21,1
209.169.10.14,1
192.254.206.43,1
138.86.97.144,1
75.126.1.105,1
66.147.244.242,1
192.232.224.111,1
85.116.36.59,1
23.21.199.178,1
69.160.50.84,1
178.79.155.38,1
173.255.245.147,1
74.86.58.192,1
66.18.17.18,3
72.52.149.203,1
67.157.158.188,1
38.96.221.87,1
192.33.31.52,3
198.41.249.36,1
97.64.84.141,2
85.17.223.151,1
216.168.44.139,1
208.118.246.104,2
198.61.131.29,1
62.146.215.230,1
72.9.99.98,1
172.231.196.190,1
199.101.242.147,1
104.130.102.147,1
137.45.29.220,1
23.0.62.235,1
159.54.235.167,1
208.91.197.27,2
54.68.53.172,1
144.76.198.149,1
67.222.143.67,1
130.225.157.16,1
138.113.10.32,1
199.46.124.65,1
94.236.103.80,1
54.84.37.219,1
23.202.201.128,2
23.21.247.200,1
144.76.72.4,1
208.52.191.4,2
216.125.70.32,1
85.25.84.207,1
54.239.21.80,1
54.214.235.164,1
216.38.60.121,1
162.254.149.72,2
205.186.165.65,1
65.163.6.214,1
50.62.131.36,2
109.109.131.167,1
23.49.250.82,1
64.244.61.63,1
159.54.235.179,1
167.216.129.13,1
5.144.129.90,1
159.54.235.185,1
192.0.79.33,10
192.0.79.32,8
198.101.128.107,1
198.20.164.181,1
64.74.101.66,1
204.10.69.236,1
140.234.254.44,2
50.57.203.52,1
8.5.1.34,1
192.237.195.183,1
61.220.23.117,1
184.29.167.11,1
80.242.146.9,1
66.135.55.46,1
72.167.215.85,1
160.36.131.221,1
199.48.38.222,1
104.28.13.105,1
23.37.3.117,1
212.20.233.46,1
5.79.87.39,1
142.75.67.27,1
174.141.228.54,1
176.9.3.175,1
205.207.157.15,1
74.121.198.186,1
129.171.179.23,1
217.74.75.71,2
38.118.71.121,3
204.11.56.48,1
141.140.201.176,1
159.54.5.135,1
172.231.236.199,1
82.98.156.85,1
162.209.41.248,1
64.13.155.13,1
64.50.160.213,1
171.64.210.248,1
93.184.216.229,10
69.167.161.20,1
170.94.194.134,1
217.74.75.72,2
104.28.13.113,1
23.63.240.87,1
23.37.13.5,1
209.216.120.37,1
69.20.53.124,2
128.183.160.190,1
67.222.111.2,1
54.79.11.158,1
192.235.78.70,1
128.130.95.51,1
66.115.186.248,2
198.72.112.171,1
88.151.129.102,1
213.219.11.171,2
54.165.209.24,2
207.58.143.114,1
69.90.211.9,1
72.52.4.161,1
74.86.144.194,1
46.21.104.114,1
12.41.152.251,2
8.254.11.126,1
64.123.246.64,1
198.27.69.100,1
74.217.61.5,1
107.20.134.47,1
74.217.61.7,1
216.245.222.234,3
65.198.25.9,1
192.243.50.62,1
104.24.121.204,1
204.14.54.164,1
193.63.75.103,1
72.52.179.219,1
69.32.184.200,1
77.232.68.178,1
74.125.141.94,1
104.16.35.29,1
23.202.225.5,1
94.236.88.99,1
66.35.204.240,1
209.207.213.20,2
54.201.188.202,1
192.41.17.25,1
66.232.205.230,1
173.231.154.68,1
50.56.192.79,1
204.8.72.183,1
209.237.150.20,1
54.191.54.109,1
65.61.154.7,2
54.175.218.177,1
109.232.226.213,1
108.168.208.206,1
192.99.21.224,2
159.182.165.92,1
198.245.49.85,1
93.95.112.140,1
107.21.92.176,1
98.158.196.22,1
74.217.239.103,2
98.158.196.24,1
193.10.75.123,1
69.46.29.30,1
67.20.63.55,1
79.99.165.41,1
141.213.176.11,1
72.52.4.119,1
208.111.32.228,2
217.144.82.23,1
63.85.214.27,1
172.229.161.58,1
148.251.44.165,1
109.201.151.5,1
141.101.123.144,1
72.52.4.120,1
128.184.216.200,1
207.198.123.60,2
52.1.189.14,3
205.217.182.103,3
207.244.72.9,2
46.255.112.209,1
104.16.10.251,1
23.239.2.165,1
207.58.170.31,1
208.64.6.220,1
158.232.12.85,1
174.35.27.72,1
174.35.27.74,1
23.0.62.19,1
174.35.27.70,1
67.207.156.214,1
192.30.129.36,1
72.246.56.224,1
72.29.176.17,1
54.209.71.214,1
192.96.211.44,1
187.45.195.187,1
80.252.0.132,1
104.20.26.14,1
54.208.212.1,1
74.208.30.102,1
222.124.141.254,1
108.166.17.12,1
148.251.126.226,2
69.94.39.71,1
23.6.19.8,1
86.65.39.28,1
69.27.110.115,1
104.130.89.67,1
216.119.114.54,1
178.32.58.89,1
50.97.133.2,1
141.101.114.213,1
198.58.126.105,2
74.217.239.141,1
64.111.112.143,1
209.99.52.17,4
69.64.50.1,1
128.83.78.16,1
199.7.108.48,2
23.202.219.52,1
23.63.250.152,1
38.106.4.185,1
69.175.117.246,1
23.203.169.23,1
23.202.216.100,2
64.91.233.214,1
205.251.117.114,1
195.8.215.136,1
207.115.68.77,4
46.137.181.2,1
97.64.84.172,2
72.29.176.32,1
97.64.84.171,2
195.8.215.138,1
195.8.215.137,2
85.13.174.165,1
173.193.170.109,1
195.8.215.139,1
162.159.246.246,1
216.37.11.140,1
65.164.25.29,1
104.16.35.94,1
107.191.34.204,1
200.188.178.226,1
69.89.25.157,1
108.174.2.138,5
64.65.46.245,1
89.167.142.24,2
89.167.142.23,2
23.0.50.53,1
198.41.249.196,2
146.7.10.101,1
38.114.159.61,1
74.201.171.139,1
109.73.227.111,1
23.202.212.118,1
216.118.100.73,1
209.236.112.158,1
72.52.238.40,1
54.187.67.150,1
66.71.240.171,1
66.77.93.49,1
2.20.188.193,1
64.74.223.32,1
23.202.221.146,1
207.191.185.155,1
67.212.83.68,2
173.213.232.150,1
216.117.168.9,1
68.169.198.50,3
209.85.23.163,1
75.127.192.82,2
75.101.132.77,1
23.0.61.5,1
74.120.217.11,1
66.29.157.26,1
216.158.28.197,1
205.221.205.2,1
216.158.28.199,1
208.91.128.176,1
64.74.223.41,1
54.204.3.140,1
23.253.207.99,1
216.235.251.171,1
23.0.57.208,1
213.186.33.82,1
64.74.223.47,1
74.201.12.38,1
185.33.48.36,1
23.202.205.133,2
163.191.87.104,2
23.23.104.63,1
160.45.254.26,1
79.125.16.79,1
212.169.3.122,1
199.133.10.189,1
64.74.223.38,1
23.202.196.184,1
75.101.151.247,1
69.63.129.106,1
88.208.222.91,1
184.173.142.178,1
173.192.64.26,1
208.72.2.82,1
72.14.189.236,1
134.53.16.8,1
50.63.43.1,1
168.44.255.209,1
23.196.126.68,1
199.84.162.145,1
104.31.95.37,1
162.221.190.233,1
64.224.108.85,1
195.93.247.35,1
209.126.235.135,3
23.202.212.155,3
54.225.179.119,1
54.230.194.59,1
216.213.99.150,1
207.171.1.3,1
198.57.187.174,2
74.201.12.108,1
8.38.48.61,1
50.16.220.149,1
98.158.196.55,1
194.127.222.39,1
23.203.170.164,1
204.28.102.100,1
107.23.5.217,2
23.196.126.164,1
64.188.61.169,2
142.104.42.129,1
50.97.177.67,1
50.97.177.66,4
23.74.26.188,1
98.158.196.61,3
213.186.33.16,1
199.195.192.108,1
166.78.80.61,1
67.205.22.216,1
91.207.22.60,1
209.59.179.1,3
54.225.174.244,1
199.48.5.212,3
52.1.223.80,1
23.229.146.33,1
207.58.165.141,1
173.247.105.225,1
23.78.248.217,1
23.13.179.124,1
67.208.38.128,1
23.202.212.172,1
82.165.52.139,1
23.220.44.35,1
107.21.103.204,1
72.29.124.152,1
54.230.194.71,1
98.129.79.16,1
72.29.124.148,1
208.118.235.148,1
54.164.60.1,2
50.23.231.98,2
204.187.15.12,2
216.55.179.43,1
162.245.192.162,1
140.147.249.5,2
72.14.246.152,1
190.93.241.48,1
23.78.212.244,1
50.28.11.151,3
217.27.250.165,1
23.202.196.134,1
198.15.105.90,1
80.69.131.145,1
192.240.183.59,1
91.203.41.124,1
64.188.56.187,1
72.21.215.52,2
23.202.229.221,1
23.202.196.125,1
72.249.20.177,1
91.192.111.188,1
23.204.180.134,1
107.191.107.44,1
54.175.132.44,1
204.183.124.67,1
96.126.127.238,1
23.203.54.49,1
173.230.149.95,1
129.6.13.59,1
46.38.178.127,1
72.5.226.241,2
209.143.137.105,1
88.80.191.180,1
199.184.195.103,1
97.74.144.42,1
23.209.104.246,1
169.137.232.19,1
142.4.215.137,1
69.63.158.245,1
204.212.190.230,1
72.15.246.200,3
206.188.193.176,1
192.150.115.38,1
206.188.193.172,1
116.12.52.168,1
77.79.78.67,1
204.146.30.32,1
74.120.127.40,1
104.28.9.70,1
67.21.115.26,1
23.72.47.60,1
92.42.34.42,1
172.232.11.121,1
195.154.209.103,2
62.233.114.118,2
23.195.245.105,1
157.193.230.21,1
132.170.219.15,1
199.34.228.45,1
66.151.240.91,1
216.115.101.179,6
212.129.55.218,1
216.115.101.178,1
74.201.12.117,1
54.164.103.155,1
72.32.43.20,1
108.168.152.61,1
199.193.193.96,1
23.235.39.143,2
216.185.153.73,1
89.145.112.67,1
104.28.9.93,1
23.37.4.68,2
193.138.29.128,1
111.90.150.134,1
87.98.145.116,1
190.93.244.9,4
162.209.70.218,1
66.211.161.151,1
185.18.204.212,1
208.73.210.159,1
208.94.0.50,1
23.235.39.153,1
178.63.46.75,1
162.246.96.20,1
216.58.245.103,2
216.58.245.102,21
74.125.228.193,2
74.125.228.192,1
216.58.245.101,5
74.125.228.195,1
66.35.36.82,2
207.210.91.250,1
54.243.38.72,1
199.167.76.22,1
172.231.218.234,1
54.243.180.83,2
64.207.181.135,1
66.35.36.85,1
198.251.79.61,2
217.118.169.226,1
198.41.184.208,1
185.27.237.215,1
130.159.19.228,2
72.167.183.26,1
104.28.0.100,1
104.20.21.13,1
212.153.70.61,1
54.76.220.72,1
123.126.99.32,1
205.178.189.131,1
54.243.115.34,2
164.109.56.57,2
162.159.242.249,1
198.186.175.108,1
74.200.73.219,1
63.131.147.116,1
64.78.188.154,1
63.245.216.132,2
208.83.241.21,1
168.62.224.13,1
64.207.176.156,1
199.195.196.157,1
144.96.123.5,1
209.172.43.31,1
23.202.212.105,1
147.96.1.40,1
188.40.29.102,1
160.111.252.211,1
76.73.74.242,3
81.20.89.219,1
199.19.85.75,1
74.205.0.249,1
108.61.8.36,3
108.168.205.77,1
74.63.153.71,1
183.79.123.210,1
199.173.225.5,1
213.186.33.105,1
65.38.106.19,1
190.93.244.100,1
69.161.216.178,1
23.235.39.194,3
50.112.253.172,1
70.37.232.208,1
74.217.253.90,1
95.211.207.4,2
209.170.118.170,2
23.37.12.134,1
139.102.65.117,1
192.95.48.24,1
79.170.44.128,1
109.236.84.164,1
104.28.6.60,1
206.196.107.22,1
199.66.72.173,1
216.154.213.34,1
98.138.19.143,1
166.78.242.42,1
104.28.21.60,1
199.104.30.1,1
75.98.93.66,1
66.228.115.164,4
50.23.240.40,2
67.227.230.156,1
8.254.244.126,2
129.80.2.17,1
209.114.51.148,1
85.92.86.184,1
67.201.52.148,1
162.159.255.224,1
67.202.67.201,10
23.235.39.175,1
198.146.125.25,1
104.195.79.29,1
151.141.9.187,1
216.185.153.60,2
128.163.184.204,3
209.200.153.81,1
204.232.148.145,1
199.21.65.82,1
104.130.214.83,1
46.163.250.5,1
174.129.226.102,2
132.174.1.212,1
204.79.197.200,1
208.113.186.203,1
37.59.43.100,1
23.21.209.55,1
209.34.254.12,1
93.184.69.189,1
52.7.53.111,1
97.77.46.57,1
107.20.217.251,1
205.204.96.36,1
96.126.114.239,1
77.236.98.92,1
155.254.132.92,1
137.190.23.11,2
140.221.6.95,1
81.145.128.188,1
46.137.180.165,1
167.102.229.23,1
74.125.141.105,1
208.73.210.200,2
104.16.16.44,1
192.104.39.76,1
198.252.206.16,5
23.23.164.168,1
198.252.206.17,3
104.16.28.19,1
65.88.8.50,1
54.235.78.209,1
162.114.4.13,1
96.30.25.135,1
70.87.46.147,1
206.207.84.69,1
162.13.76.80,1
206.207.84.67,1
50.57.202.38,1
104.130.192.89,2
67.202.219.8,2
216.185.153.12,1
50.19.112.64,1
174.143.58.162,2
67.19.211.13,1
50.16.251.84,1
72.26.209.70,1
192.111.139.119,2
162.159.249.151,1
204.15.192.162,1
54.85.118.0,1
129.66.12.21,1
23.202.209.141,2
198.41.204.22,1
50.56.21.222,1
23.253.52.69,1
23.202.209.140,1
192.232.249.111,1
216.155.128.67,4
184.172.117.88,1
193.104.10.111,1
173.254.14.105,1
75.126.162.205,1
8.19.33.150,1
50.203.206.144,1
216.98.196.7,1
74.208.143.54,1
54.209.115.231,1
128.149.134.101,1
213.86.246.20,2
174.78.94.54,3
205.186.129.152,1
50.97.226.122,1
139.78.24.96,1
37.9.233.34,2
92.42.187.182,1
198.41.187.97,1
83.175.211.50,1
70.42.143.1,1
209.151.245.9,1
50.16.199.107,1
31.7.184.176,1
23.15.9.145,1
23.15.9.147,1
23.2.76.112,1
68.178.254.190,1
54.201.206.71,1
198.41.188.234,3
190.93.244.186,1
66.55.138.131,1
66.175.208.9,1
23.196.96.135,5
23.0.62.164,1
123.30.139.46,1
213.174.210.28,1
198.40.31.8,1
23.15.9.163,5
184.50.229.150,1
12.133.121.243,1
23.15.9.160,1
23.15.9.161,1
200.177.229.215,1
141.101.114.132,1
192.100.64.108,1
54.252.128.123,1
54.197.239.133,1
69.20.96.221,1
71.174.52.12,1
52.4.77.231,1
54.88.18.169,1
96.30.34.71,1
50.57.15.204,3
66.55.129.226,1
69.60.26.99,1
23.15.9.171,1
168.166.55.17,1
54.241.184.145,2
64.191.171.200,1
162.209.32.212,1
108.162.204.120,1
107.20.251.40,1
67.223.104.16,3
71.251.198.4,1
198.41.204.67,1
70.89.174.27,1
88.198.244.164,1
216.117.138.145,2
108.179.204.231,1
145.20.188.63,1
104.192.5.43,1
173.203.15.238,1
54.148.192.94,1
122.255.90.243,1
52.4.12.121,1
87.119.204.100,1
174.129.28.172,1
50.97.75.195,1
141.8.226.15,1
50.97.75.198,2
209.170.118.139,1
199.107.196.124,1
74.203.60.244,1
173.236.179.48,1
79.99.165.190,1
50.57.213.107,1
64.72.140.247,3
216.45.20.131,1
208.84.185.32,1
198.50.174.41,1
23.13.166.155,1
23.78.240.57,2
173.203.155.91,1
148.251.189.26,1
23.202.206.79,1
54.174.223.26,1
213.186.33.95,4
208.185.238.63,1
98.158.193.78,2
144.76.113.2,1
185.53.36.101,1
192.149.55.18,1
2.20.188.187,1
23.202.225.194,2
216.7.139.147,1
162.243.116.177,1
67.210.231.231,1
87.230.41.48,1
17.154.66.38,1
38.89.225.193,1
146.186.130.4,1
213.133.198.238,1
64.93.72.40,1
54.192.195.147,1
74.214.22.20,1
192.65.241.100,1
65.122.158.139,1
2.20.188.172,1
64.94.41.190,2
12.129.208.11,1
64.211.69.210,1
216.7.139.157,1
198.57.157.78,1
63.249.18.247,1
192.163.252.78,1
81.17.18.202,1
170.149.168.147,1
63.139.125.204,1
2.20.188.169,1
23.6.28.189,1
8.38.48.10,1
170.149.168.140,1
209.85.97.215,2
74.201.171.254,1
131.174.75.20,1
216.58.217.129,34
137.200.4.16,1
136.245.4.80,1
192.254.188.94,1
68.142.108.128,9
69.163.165.151,1
202.58.139.98,1
67.228.247.181,2
66.186.16.134,1
212.45.106.53,2
192.198.54.12,1
128.219.178.32,2
54.175.122.105,5
129.170.64.133,1
66.186.16.137,1
170.149.168.130,2
54.154.42.22,1
192.230.69.173,1
67.228.18.18,1
172.232.2.72,1
74.208.145.125,1
50.62.250.1,1
216.58.217.132,2
216.58.217.131,1
23.89.204.188,2
204.10.66.83,1
96.126.117.135,1
23.196.103.198,1
54.247.85.215,1
23.6.31.211,1
175.122.1.106,1
77.72.206.82,1
134.84.160.74,1
66.172.24.10,1
212.83.157.151,1
23.23.160.170,1
192.196.156.23,1
54.243.29.99,1
192.99.46.115,1
8.27.246.254,2
130.74.120.75,1
54.214.0.24,1
159.253.147.71,1
64.112.206.45,1
186.202.122.92,1
176.31.94.106,1
173.203.151.175,1
173.203.151.176,1
66.170.31.120,3
129.121.133.196,1
216.251.43.11,1
67.15.38.52,2
72.247.8.128,1
96.126.126.136,1
198.144.21.246,1
162.144.55.248,1
38.69.47.71,2
104.16.22.32,4
23.23.117.106,1
23.23.220.95,2
206.155.102.64,2
96.126.108.115,1
166.78.77.128,1
198.57.177.208,1
74.85.224.199,1
173.199.175.41,1
23.6.71.190,1
82.145.6.152,1
87.106.168.62,1
80.95.160.5,1
104.28.1.93,1
209.246.150.206,1
188.165.206.95,1
72.3.231.99,1
212.33.20.20,1
64.70.15.226,1
23.254.101.203,1
207.32.180.59,1
172.231.218.196,1
87.106.40.180,1
199.101.134.236,1
83.167.45.68,1
38.99.114.56,1
207.160.164.204,1
173.193.27.223,1
108.168.143.42,1
190.93.247.104,1
23.218.148.229,1
184.105.196.162,1
77.240.17.36,1
216.58.217.142,2
200.177.229.204,1
162.159.245.177,1
50.17.184.70,1
54.225.185.6,1
209.236.119.134,1
23.13.181.78,1
68.142.108.188,1
208.109.181.17,1
162.159.245.29,2
209.117.66.80,1
184.154.191.166,1
204.93.241.43,2
184.25.157.75,2
23.6.31.9,5
75.126.52.130,2
203.196.21.174,1
23.202.219.110,1
64.225.157.140,1
216.65.64.6,1
207.244.91.213,2
67.227.252.196,2
209.18.110.37,1
74.52.128.18,1
192.184.8.128,2
69.48.252.146,1
205.139.40.99,4
205.178.166.127,1
54.244.125.239,1
74.121.199.74,1
52.4.132.85,1
69.56.157.50,1
208.86.167.168,2
205.139.40.96,5
172.232.1.165,1
63.251.142.111,1
23.13.211.210,1
104.16.28.211,1
142.54.230.176,1
134.84.159.35,1
23.218.135.119,1
50.63.122.1,1
104.16.14.178,1
209.87.171.85,1
69.167.137.99,1
166.108.31.147,1
69.160.61.12,1
66.228.116.26,1
96.30.15.154,3
66.232.99.158,1
192.167.90.37,1
209.152.46.213,1
23.202.225.91,1
45.56.104.225,1
54.230.100.161,1
213.202.223.15,1
210.193.213.177,1
54.230.192.230,2
74.217.240.245,1
192.41.69.8,2
207.99.109.80,1
54.68.45.129,1
54.208.77.188,4
192.230.65.2,1
23.202.196.86,1
178.170.108.1,1
54.149.113.214,1
170.149.159.153,1
208.97.152.79,1
142.54.230.197,1
176.31.182.181,1
85.118.234.131,2
54.225.69.238,1
74.125.228.250,1
72.21.91.99,1
104.24.15.92,2
96.30.15.133,1
54.230.192.214,1
94.23.154.62,1
162.242.198.114,1
85.9.56.201,1
192.124.249.10,1
162.159.249.207,1
202.22.243.134,1
75.126.140.146,1
195.113.20.142,1
178.79.137.125,1
83.170.107.145,1
184.28.17.169,1
66.110.202.53,1
104.16.28.251,1
54.187.49.12,2
207.32.183.101,1
216.125.80.51,1
204.128.145.134,1
68.71.212.186,1
23.202.228.110,1
198.209.8.180,1
104.28.1.18,1
184.28.17.178,1
209.200.245.146,1
176.56.58.197,1
69.50.225.155,1
23.203.146.217,1
198.17.195.3,1
190.93.247.182,2
192.186.220.0,1
74.112.131.41,1
68.171.217.98,1
162.159.250.192,1
198.101.129.11,3
54.230.100.152,1
64.89.45.13,1
198.24.128.250,1
192.254.187.205,1
208.74.202.53,1
212.58.246.90,1
85.199.213.5,1
72.21.91.54,1
49.212.198.80,1
78.31.105.195,1
192.33.31.227,2
198.1.26.190,1
74.200.197.35,1
138.23.243.73,1
67.217.251.5,2
46.43.39.83,1
157.166.248.215,1
211.147.4.32,1
195.157.37.60,1
38.102.51.72,3
54.197.238.80,1
68.169.61.118,1
74.125.228.202,7
107.23.24.65,1
147.67.119.20,1
74.125.228.200,1
190.93.244.224,1
183.90.188.240,1
74.125.228.204,8
173.230.137.46,1
74.125.228.203,7
133.103.200.32,1
199.48.144.20,1
50.28.0.68,1
66.55.82.217,1
23.13.167.223,1
46.137.116.67,1
213.191.194.25,1
199.184.233.13,1
50.28.94.141,1
63.240.4.45,1
8.254.147.254,1
64.111.126.164,1
184.28.17.184,1
194.70.94.153,1
198.52.250.57,1
23.218.113.222,1
70.37.232.116,2
108.162.200.34,2
50.23.192.82,4
190.93.244.246,1
206.214.164.149,1
23.38.103.230,1
216.237.127.202,1
212.19.118.124,1
54.208.254.237,1
162.209.64.200,1
172.231.220.136,1
174.129.194.177,1
185.38.164.200,1
216.243.154.233,2
69.167.183.18,1
54.84.23.5,1
216.13.78.14,1
78.136.54.242,1
66.228.40.125,1
208.115.118.115,1
23.37.12.232,1
108.162.200.42,1
45.33.5.175,1
23.21.198.53,1
23.202.202.174,1
38.100.240.130,1
10.237.192.14,1
205.139.40.60,1
12.191.187.231,1
108.162.200.17,1
108.162.205.235,1
66.18.103.29,1
54.152.28.145,1
184.29.188.120,1
173.194.204.121,2
75.126.24.87,1
130.94.64.193,1
94.23.86.203,1
193.169.67.129,1
74.125.228.248,1
23.0.52.49,1
198.57.232.84,1
216.34.181.60,2
77.72.167.9,1
205.139.40.72,1
184.164.149.130,1
193.242.192.43,1
216.38.59.31,1
192.26.104.109,1
74.125.228.235,5
69.36.191.70,1
50.28.0.23,1
74.125.228.234,3
107.22.252.238,1
104.28.22.9,1
74.114.165.18,1
74.125.228.236,4
208.74.204.192,1
83.150.78.46,1
104.28.9.19,1
203.66.45.68,1
207.126.53.40,1
184.106.101.145,2
165.225.157.100,1
174.127.112.34,1
184.73.254.63,1
194.168.202.218,1
54.69.200.4,1
104.16.11.251,1
23.202.209.90,1
23.202.215.133,2
85.92.91.109,1
212.25.233.76,1
97.74.91.175,1
205.139.40.90,5
192.185.11.40,1
198.41.247.79,1
198.41.247.78,1
107.6.85.115,1
104.239.245.166,1
216.34.181.97,4
192.232.225.59,1
216.34.181.96,3
23.253.241.59,1
5.255.157.2,1
23.220.40.234,1
199.91.36.45,7
23.218.141.28,1
147.32.232.175,1
23.37.2.109,1
50.87.151.160,1
72.247.9.32,1
66.240.186.254,1
153.106.4.23,1
62.189.236.141,2
2.20.188.242,2
184.173.241.48,1
76.72.171.26,1
23.37.25.220,1
174.143.75.22,1
54.218.74.11,4
23.8.147.57,1
162.13.103.42,1
216.158.68.20,4
23.13.181.14,1
104.28.24.46,1
76.74.254.184,1
23.202.193.34,1
67.22.238.179,1
173.236.110.98,1
50.58.140.164,1
162.242.172.101,1
67.202.219.28,1
208.109.22.214,1
50.116.62.81,1
104.16.13.13,7
103.7.12.72,1
142.4.21.199,1
108.171.163.85,1
104.28.12.36,1
192.16.31.61,1
98.139.135.199,1
134.126.10.50,2
198.41.191.11,1
141.101.126.34,1
107.21.201.253,1
131.111.24.106,1
198.180.132.171,1
184.173.241.66,1
66.132.210.117,1
50.56.38.192,1
216.34.181.48,2
72.52.178.211,1
172.231.224.199,1
216.164.160.176,1
132.174.3.1,26
192.237.225.109,1
132.174.3.3,1
178.32.117.224,1
203.160.252.18,1
176.32.100.45,1
128.122.157.181,1
128.163.184.168,1
198.41.207.183,1
208.74.204.134,1
216.116.237.10,1
188.132.173.113,1
104.28.24.35,1
207.192.73.84,1
69.32.208.13,2
146.142.4.24,2
208.95.105.31,1
162.219.108.18,1
38.101.149.33,1
64.244.56.154,1
66.235.120.243,2
98.131.135.96,1
155.138.4.198,1
23.239.25.247,1
69.160.54.144,1
66.235.120.249,1
37.187.86.208,1
172.231.228.78,1
174.143.7.228,1
23.202.193.72,1
66.155.105.107,1
74.208.233.87,1
50.31.99.53,1
74.53.216.230,1
98.129.138.124,1
72.247.9.89,1
69.16.206.8,1
54.193.90.219,2
54.85.194.233,2
204.94.174.170,1
72.34.61.35,2
62.148.60.148,1
209.50.246.49,1
184.73.214.112,1
107.191.102.223,2
54.208.63.20,1
107.22.242.105,1
173.241.192.55,2
199.241.235.134,1
104.130.111.229,1
208.74.50.63,1
147.67.119.102,1
69.9.167.166,1
144.76.95.40,1
69.9.167.167,1
192.16.31.38,1
204.11.34.85,2
162.212.41.39,3
204.10.68.232,1
192.16.31.35,4
104.156.231.178,1
129.10.115.117,2
137.229.115.39,1
192.184.11.149,1
153.104.6.122,1
38.119.111.34,1
69.13.220.131,3
104.20.15.130,1
129.132.119.195,1
185.78.40.147,1
185.26.50.107,1
64.30.228.20,11
69.175.46.98,1
216.92.20.7,2
66.97.146.6,1
86.109.121.122,1
23.218.116.14,1
129.100.74.150,1
141.101.115.225,3
216.59.53.5,1
164.106.120.80,1
192.107.175.222,1
91.189.95.36,1
193.170.121.2,1
68.71.216.14,1
