country,number
Anonymous Proxy,9
Cyprus,2
Malaysia,9
Portugal,15
Iceland,1
Bahamas,7
Greece,4
Austria,52
Latvia,6
Mongolia,1
Luxembourg,9
Panama,2
Brazil,33
Korea, Republic of,13
Virgin Islands, British,20
Slovenia,9
Chile,5
Iran, Islamic Republic of,8
Colombia,1
Argentina,37
Hungary,26
Japan,73
Europe,185
Ukraine,11
Seychelles,3
Mauritius,2
Bahrain,1
India,38
Lao People's Democratic Republic,1
New Zealand,14
Canada,511
Maldives,1
Turkey,47
Belgium,35
Moldova, Republic of,1
Finland,12
Taiwan,6
Italy,91
South Africa,48
Georgia,3
Aland Islands,2
Peru,1
Germany,657
Russian Federation,40
Singapore,15
Hong Kong,33
United States,21529
Egypt,1
Thailand,30
Costa Rica,96
Saudi Arabia,3
Netherlands,316
Sweden,56
Vietnam,38
China,18
Ireland,96
Liechtenstein,1
Poland,41
Slovakia,7
France,314
Bulgaria,6
Lithuania,4
Bosnia and Herzegovina,6
Croatia,2
Romania,25
Sri Lanka,3
Philippines,1
Holy See (Vatican City State),7
United Kingdom,967
United Arab Emirates,1
Switzerland,68
Spain,123
Cuba,1
Venezuela,3
Czech Republic,32
Norway,42
Denmark,32
Mexico,5
Israel,3
Australia,96
Indonesia,25
Estonia,6
