repo_name,time
grit,2008-08-06T18:45:51Z
grit,2008-10-23T22:12:43Z
grit,2007-10-10T16:32:03Z
grit,2008-02-10T01:59:29Z
grit,2008-02-20T09:02:08Z
grit,2008-07-31T17:50:44Z
grit,2008-09-05T01:30:27Z
grit,2008-07-30T21:54:56Z
grit,2007-10-24T04:29:59Z
grit,2008-04-01T17:52:03Z
grit,2008-08-26T17:09:45Z
grit,2008-06-20T00:35:09Z
grit,2008-04-19T22:04:34Z
grit,2008-09-08T17:46:24Z
grit,2008-03-26T04:32:29Z
grit,2008-08-10T22:04:59Z
grit,2008-01-26T02:15:28Z
grit,2008-06-21T23:03:51Z
grit,2008-08-11T17:05:57Z
grit,2008-02-15T04:18:26Z
grit,2007-10-13T23:17:54Z
grit,2008-01-11T02:29:25Z
grit,2008-01-08T05:07:49Z
grit,2008-06-24T19:18:07Z
grit,2008-05-29T17:29:59Z
grit,2008-01-08T04:41:55Z
grit,2008-01-09T09:20:42Z
grit,2007-10-13T23:10:05Z
grit,2008-03-11T01:10:42Z
grit,2008-02-15T04:06:11Z
grit,2008-04-19T23:37:16Z
grit,2008-01-31T09:02:30Z
grit,2008-03-10T21:03:02Z
grit,2008-07-28T15:55:21Z
grit,2007-10-13T23:32:08Z
grit,2008-04-18T23:37:05Z
grit,2007-10-10T06:18:20Z
grit,2008-06-26T17:26:23Z
grit,2008-01-31T09:35:54Z
grit,2008-07-31T19:52:25Z
grit,2008-01-31T05:47:10Z
grit,2008-07-31T15:39:48Z
grit,2007-10-24T04:07:57Z
grit,2008-04-24T22:01:29Z
grit,2008-06-24T16:27:20Z
grit,2008-04-19T00:22:33Z
grit,2008-07-18T19:02:17Z
grit,2008-03-26T02:47:30Z
grit,2008-03-26T02:55:21Z
grit,2008-07-19T18:38:04Z
grit,2007-10-13T07:15:02Z
grit,2008-07-07T15:54:43Z
grit,2008-10-23T04:47:54Z
grit,2008-02-23T09:12:52Z
grit,2007-12-29T00:54:22Z
grit,2008-07-18T18:42:21Z
grit,2008-10-21T16:40:41Z
grit,2008-05-29T22:56:41Z
grit,2008-02-22T08:24:25Z
grit,2008-08-29T22:16:06Z
grit,2008-06-28T21:40:07Z
grit,2008-04-24T19:23:15Z
grit,2008-07-18T18:42:21Z
grit,2007-10-10T16:05:03Z
grit,2008-04-24T23:20:43Z
grit,2008-08-23T16:51:15Z
grit,2008-03-31T03:50:08Z
grit,2008-01-11T03:21:22Z
grit,2007-10-20T09:02:48Z
grit,2008-07-30T21:29:19Z
grit,2008-09-08T09:43:01Z
grit,2008-09-02T20:43:54Z
grit,2008-04-18T23:27:08Z
grit,2008-04-18T23:26:07Z
grit,2008-07-19T12:40:20Z
grit,2007-10-11T06:22:46Z
grit,2008-06-25T05:16:45Z
grit,2007-10-20T22:44:37Z
grit,2008-01-19T21:35:57Z
grit,2008-06-21T22:51:42Z
grit,2007-10-25T06:19:32Z
grit,2008-06-21T04:03:47Z
grit,2008-06-19T22:40:18Z
grit,2007-10-25T16:23:01Z
grit,2007-10-13T09:36:21Z
grit,2008-02-10T01:03:45Z
grit,2008-09-05T01:50:54Z
grit,2007-10-13T10:37:12Z
grit,2008-06-21T22:50:02Z
grit,2008-02-17T22:05:56Z
grit,2008-03-30T23:31:20Z
grit,2008-09-05T02:18:56Z
grit,2008-02-11T06:54:08Z
grit,2007-10-11T07:51:19Z
grit,2008-06-20T16:46:56Z
grit,2008-02-11T02:49:09Z
grit,2007-10-10T07:11:02Z
grit,2008-03-26T02:42:28Z
grit,2007-10-20T06:08:03Z
grit,2008-08-29T08:18:03Z
grit,2008-07-07T16:01:41Z
grit,2008-04-24T19:19:23Z
grit,2008-09-06T03:39:03Z
grit,2007-10-13T09:54:17Z
grit,2008-07-31T20:47:19Z
grit,2008-07-07T15:55:41Z
grit,2008-06-19T23:10:52Z
grit,2008-04-24T20:39:08Z
grit,2008-07-30T20:46:30Z
grit,2008-07-31T15:52:45Z
grit,2007-10-29T09:42:39Z
grit,2008-01-11T02:35:56Z
grit,2007-10-10T07:50:39Z
grit,2007-10-11T06:20:54Z
grit,2008-02-10T00:12:56Z
grit,2008-07-30T20:27:09Z
grit,2007-10-25T04:29:16Z
grit,2008-08-07T22:35:31Z
grit,2007-10-10T07:18:20Z
grit,2007-10-29T07:16:38Z
grit,2008-04-19T21:17:32Z
grit,2008-09-08T10:11:58Z
grit,2008-05-29T18:33:09Z
grit,2008-06-28T18:36:59Z
grit,2008-04-25T00:54:07Z
grit,2008-04-19T17:48:54Z
grit,2008-07-09T03:32:35Z
grit,2008-10-23T22:16:20Z
grit,2008-01-19T22:12:45Z
grit,2008-05-01T05:03:18Z
grit,2007-10-11T16:09:33Z
grit,2008-03-30T03:31:23Z
grit,2008-02-11T06:51:18Z
grit,2007-10-15T00:34:10Z
grit,2008-10-23T22:10:59Z
grit,2008-08-06T18:46:51Z
grit,2008-07-18T19:02:17Z
grit,2007-10-25T05:02:31Z
grit,2007-10-25T05:20:01Z
grit,2008-06-21T23:19:30Z
grit,2008-10-23T22:14:44Z
grit,2007-10-20T09:11:05Z
grit,2008-06-19T22:36:35Z
grit,2008-04-13T02:35:48Z
grit,2008-01-07T02:09:21Z
grit,2007-10-25T16:13:03Z
grit,2008-04-19T00:04:16Z
grit,2008-09-06T05:42:14Z
grit,2008-07-30T21:48:48Z
grit,2007-10-11T07:40:26Z
grit,2008-04-19T23:11:51Z
grit,2008-07-01T03:21:43Z
grit,2008-07-31T15:44:54Z
grit,2008-02-15T04:06:11Z
grit,2008-10-23T22:14:35Z
grit,2008-04-25T00:42:58Z
grit,2008-09-08T09:28:15Z
grit,2008-09-05T01:31:05Z
grit,2008-10-21T16:46:04Z
grit,2008-04-24T20:39:40Z
grit,2008-10-23T04:32:53Z
grit,2008-08-29T17:55:31Z
grit,2008-01-13T08:38:38Z
grit,2008-02-11T00:42:11Z
grit,2008-03-26T04:25:12Z
grit,2008-03-26T02:51:06Z
grit,2008-01-13T07:50:16Z
grit,2007-10-29T05:24:06Z
grit,2007-11-21T01:27:42Z
grit,2008-07-31T20:25:50Z
grit,2008-02-21T08:18:17Z
grit,2008-10-21T16:47:51Z
grit,2008-06-28T18:52:52Z
grit,2007-10-29T07:27:29Z
grit,2008-05-29T22:16:16Z
grit,2008-02-18T08:55:57Z
grit,2008-08-22T21:51:56Z
grit,2008-03-10T23:26:31Z
grit,2007-10-20T22:03:50Z
grit,2008-01-07T02:59:51Z
grit,2008-01-19T22:15:48Z
grit,2008-01-13T08:22:01Z
grit,2008-06-24T16:03:21Z
grit,2008-04-13T02:39:01Z
grit,2007-10-10T07:06:12Z
grit,2008-06-20T23:19:10Z
grit,2007-10-13T21:56:53Z
grit,2007-10-14T01:05:35Z
grit,2008-04-24T23:17:49Z
grit,2008-02-15T04:18:26Z
grit,2007-10-29T00:12:54Z
grit,2008-08-23T18:00:10Z
grit,2007-10-13T09:20:41Z
grit,2008-06-26T18:23:57Z
grit,2008-07-31T19:37:07Z
